[0.272s] DEBUG:colcon:Command line arguments: ['/usr/bin/colcon', 'build', '--packages-select', 'stack_msgs', 'health_monitor', '--cmake-args', '-DCMAKE_BUILD_TYPE=Release']
[0.272s] DEBUG:colcon:Parsed command line arguments: Namespace(log_base=None, log_level=None, verb_name='build', build_base='build', install_base='install', merge_install=False, symlink_install=False, test_result_base=None, continue_on_error=False, executor='parallel', parallel_workers=6, event_handlers=None, ignore_user_meta=False, metas=['./colcon.meta'], base_paths=['.'], packages_ignore=None, packages_ignore_regex=None, paths=None, packages_up_to=None, packages_up_to_regex=None, packages_above=None, packages_above_and_dependencies=None, packages_above_depth=None, packages_select_by_dep=None, packages_skip_by_dep=None, packages_skip_up_to=None, packages_select_build_failed=False, packages_skip_build_finished=False, packages_select_test_failures=False, packages_skip_test_passed=False, packages_select=['stack_msgs', 'health_monitor'], packages_skip=None, packages_select_regex=None, packages_skip_regex=None, packages_start=None, packages_end=None, cmake_args=['-DCMAKE_BUILD_TYPE=Release'], cmake_target=None, cmake_target_skip_unavailable=False, cmake_clean_cache=False, cmake_clean_first=False, cmake_force_configure=False, ament_cmake_args=None, catkin_cmake_args=None, catkin_skip_building_tests=False, verb_parser=<colcon_defaults.argument_parser.defaults.DefaultArgumentsDecorator object at 0xffffb86618d0>, verb_extension=<colcon_core.verb.build.BuildVerb object at 0xffffb87f6560>, main=<bound method BuildVerb.main of <colcon_core.verb.build.BuildVerb object at 0xffffb87f6560>>)
[0.584s] Level 1:colcon.colcon_core.package_discovery:discover_packages(colcon_meta) check parameters
[0.584s] Level 1:colcon.colcon_core.package_discovery:discover_packages(recursive) check parameters
[0.585s] Level 1:colcon.colcon_core.package_discovery:discover_packages(ignore) check parameters
[0.585s] Level 1:colcon.colcon_core.package_discovery:discover_packages(path) check parameters
[0.585s] Level 1:colcon.colcon_core.package_discovery:discover_packages(colcon_meta) discover
[0.585s] Level 1:colcon.colcon_core.package_discovery:discover_packages(recursive) discover
[0.585s] INFO:colcon.colcon_core.package_discovery:Crawling recursively for packages in '/ws'
[0.586s] Level 1:colcon.colcon_core.package_identification:_identify(.) by extensions ['ignore', 'ignore_ament_install']
[0.586s] Level 1:colcon.colcon_core.package_identification:_identify(.) by extension 'ignore'
[0.586s] Level 1:colcon.colcon_core.package_identification:_identify(.) by extension 'ignore_ament_install'
[0.586s] Level 1:colcon.colcon_core.package_identification:_identify(.) by extensions ['colcon_pkg']
[0.586s] Level 1:colcon.colcon_core.package_identification:_identify(.) by extension 'colcon_pkg'
[0.586s] Level 1:colcon.colcon_core.package_identification:_identify(.) by extensions ['colcon_meta']
[0.586s] Level 1:colcon.colcon_core.package_identification:_identify(.) by extension 'colcon_meta'
[0.587s] Level 1:colcon.colcon_core.package_identification:_identify(.) by extensions ['ros']
[0.587s] Level 1:colcon.colcon_core.package_identification:_identify(.) by extension 'ros'
[0.615s] Level 1:colcon.colcon_core.package_identification:_identify(.) by extensions ['cmake', 'python']
[0.615s] Level 1:colcon.colcon_core.package_identification:_identify(.) by extension 'cmake'
[0.615s] Level 1:colcon.colcon_core.package_identification:_identify(.) by extension 'python'
[0.616s] Level 1:colcon.colcon_core.package_identification:_identify(.) by extensions ['python_setup_py']
[0.616s] Level 1:colcon.colcon_core.package_identification:_identify(.) by extension 'python_setup_py'
[0.616s] Level 1:colcon.colcon_core.package_identification:_identify(build) by extensions ['ignore', 'ignore_ament_install']
[0.616s] Level 1:colcon.colcon_core.package_identification:_identify(build) by extension 'ignore'
[0.616s] Level 1:colcon.colcon_core.package_identification:_identify(build) ignored
[0.617s] Level 1:colcon.colcon_core.package_identification:_identify(docker) by extensions ['ignore', 'ignore_ament_install']
[0.617s] Level 1:colcon.colcon_core.package_identification:_identify(docker) by extension 'ignore'
[0.617s] Level 1:colcon.colcon_core.package_identification:_identify(docker) by extension 'ignore_ament_install'
[0.617s] Level 1:colcon.colcon_core.package_identification:_identify(docker) by extensions ['colcon_pkg']
[0.617s] Level 1:colcon.colcon_core.package_identification:_identify(docker) by extension 'colcon_pkg'
[0.617s] Level 1:colcon.colcon_core.package_identification:_identify(docker) by extensions ['colcon_meta']
[0.617s] Level 1:colcon.colcon_core.package_identification:_identify(docker) by extension 'colcon_meta'
[0.617s] Level 1:colcon.colcon_core.package_identification:_identify(docker) by extensions ['ros']
[0.618s] Level 1:colcon.colcon_core.package_identification:_identify(docker) by extension 'ros'
[0.618s] Level 1:colcon.colcon_core.package_identification:_identify(docker) by extensions ['cmake', 'python']
[0.618s] Level 1:colcon.colcon_core.package_identification:_identify(docker) by extension 'cmake'
[0.618s] Level 1:colcon.colcon_core.package_identification:_identify(docker) by extension 'python'
[0.618s] Level 1:colcon.colcon_core.package_identification:_identify(docker) by extensions ['python_setup_py']
[0.618s] Level 1:colcon.colcon_core.package_identification:_identify(docker) by extension 'python_setup_py'
[0.618s] Level 1:colcon.colcon_core.package_identification:_identify(docker/compose) by extensions ['ignore', 'ignore_ament_install']
[0.618s] Level 1:colcon.colcon_core.package_identification:_identify(docker/compose) by extension 'ignore'
[0.619s] Level 1:colcon.colcon_core.package_identification:_identify(docker/compose) by extension 'ignore_ament_install'
[0.619s] Level 1:colcon.colcon_core.package_identification:_identify(docker/compose) by extensions ['colcon_pkg']
[0.619s] Level 1:colcon.colcon_core.package_identification:_identify(docker/compose) by extension 'colcon_pkg'
[0.619s] Level 1:colcon.colcon_core.package_identification:_identify(docker/compose) by extensions ['colcon_meta']
[0.619s] Level 1:colcon.colcon_core.package_identification:_identify(docker/compose) by extension 'colcon_meta'
[0.619s] Level 1:colcon.colcon_core.package_identification:_identify(docker/compose) by extensions ['ros']
[0.619s] Level 1:colcon.colcon_core.package_identification:_identify(docker/compose) by extension 'ros'
[0.619s] Level 1:colcon.colcon_core.package_identification:_identify(docker/compose) by extensions ['cmake', 'python']
[0.619s] Level 1:colcon.colcon_core.package_identification:_identify(docker/compose) by extension 'cmake'
[0.619s] Level 1:colcon.colcon_core.package_identification:_identify(docker/compose) by extension 'python'
[0.620s] Level 1:colcon.colcon_core.package_identification:_identify(docker/compose) by extensions ['python_setup_py']
[0.620s] Level 1:colcon.colcon_core.package_identification:_identify(docker/compose) by extension 'python_setup_py'
[0.620s] Level 1:colcon.colcon_core.package_identification:_identify(docker/jetson) by extensions ['ignore', 'ignore_ament_install']
[0.620s] Level 1:colcon.colcon_core.package_identification:_identify(docker/jetson) by extension 'ignore'
[0.620s] Level 1:colcon.colcon_core.package_identification:_identify(docker/jetson) by extension 'ignore_ament_install'
[0.620s] Level 1:colcon.colcon_core.package_identification:_identify(docker/jetson) by extensions ['colcon_pkg']
[0.620s] Level 1:colcon.colcon_core.package_identification:_identify(docker/jetson) by extension 'colcon_pkg'
[0.620s] Level 1:colcon.colcon_core.package_identification:_identify(docker/jetson) by extensions ['colcon_meta']
[0.621s] Level 1:colcon.colcon_core.package_identification:_identify(docker/jetson) by extension 'colcon_meta'
[0.621s] Level 1:colcon.colcon_core.package_identification:_identify(docker/jetson) by extensions ['ros']
[0.621s] Level 1:colcon.colcon_core.package_identification:_identify(docker/jetson) by extension 'ros'
[0.621s] Level 1:colcon.colcon_core.package_identification:_identify(docker/jetson) by extensions ['cmake', 'python']
[0.621s] Level 1:colcon.colcon_core.package_identification:_identify(docker/jetson) by extension 'cmake'
[0.621s] Level 1:colcon.colcon_core.package_identification:_identify(docker/jetson) by extension 'python'
[0.621s] Level 1:colcon.colcon_core.package_identification:_identify(docker/jetson) by extensions ['python_setup_py']
[0.621s] Level 1:colcon.colcon_core.package_identification:_identify(docker/jetson) by extension 'python_setup_py'
[0.621s] Level 1:colcon.colcon_core.package_identification:_identify(docker/operator) by extensions ['ignore', 'ignore_ament_install']
[0.622s] Level 1:colcon.colcon_core.package_identification:_identify(docker/operator) by extension 'ignore'
[0.622s] Level 1:colcon.colcon_core.package_identification:_identify(docker/operator) by extension 'ignore_ament_install'
[0.622s] Level 1:colcon.colcon_core.package_identification:_identify(docker/operator) by extensions ['colcon_pkg']
[0.622s] Level 1:colcon.colcon_core.package_identification:_identify(docker/operator) by extension 'colcon_pkg'
[0.622s] Level 1:colcon.colcon_core.package_identification:_identify(docker/operator) by extensions ['colcon_meta']
[0.622s] Level 1:colcon.colcon_core.package_identification:_identify(docker/operator) by extension 'colcon_meta'
[0.622s] Level 1:colcon.colcon_core.package_identification:_identify(docker/operator) by extensions ['ros']
[0.622s] Level 1:colcon.colcon_core.package_identification:_identify(docker/operator) by extension 'ros'
[0.622s] Level 1:colcon.colcon_core.package_identification:_identify(docker/operator) by extensions ['cmake', 'python']
[0.622s] Level 1:colcon.colcon_core.package_identification:_identify(docker/operator) by extension 'cmake'
[0.623s] Level 1:colcon.colcon_core.package_identification:_identify(docker/operator) by extension 'python'
[0.623s] Level 1:colcon.colcon_core.package_identification:_identify(docker/operator) by extensions ['python_setup_py']
[0.623s] Level 1:colcon.colcon_core.package_identification:_identify(docker/operator) by extension 'python_setup_py'
[0.623s] Level 1:colcon.colcon_core.package_identification:_identify(docs) by extensions ['ignore', 'ignore_ament_install']
[0.623s] Level 1:colcon.colcon_core.package_identification:_identify(docs) by extension 'ignore'
[0.623s] Level 1:colcon.colcon_core.package_identification:_identify(docs) by extension 'ignore_ament_install'
[0.623s] Level 1:colcon.colcon_core.package_identification:_identify(docs) by extensions ['colcon_pkg']
[0.623s] Level 1:colcon.colcon_core.package_identification:_identify(docs) by extension 'colcon_pkg'
[0.623s] Level 1:colcon.colcon_core.package_identification:_identify(docs) by extensions ['colcon_meta']
[0.624s] Level 1:colcon.colcon_core.package_identification:_identify(docs) by extension 'colcon_meta'
[0.624s] Level 1:colcon.colcon_core.package_identification:_identify(docs) by extensions ['ros']
[0.624s] Level 1:colcon.colcon_core.package_identification:_identify(docs) by extension 'ros'
[0.624s] Level 1:colcon.colcon_core.package_identification:_identify(docs) by extensions ['cmake', 'python']
[0.624s] Level 1:colcon.colcon_core.package_identification:_identify(docs) by extension 'cmake'
[0.624s] Level 1:colcon.colcon_core.package_identification:_identify(docs) by extension 'python'
[0.624s] Level 1:colcon.colcon_core.package_identification:_identify(docs) by extensions ['python_setup_py']
[0.624s] Level 1:colcon.colcon_core.package_identification:_identify(docs) by extension 'python_setup_py'
[0.624s] Level 1:colcon.colcon_core.package_identification:_identify(fastdds) by extensions ['ignore', 'ignore_ament_install']
[0.625s] Level 1:colcon.colcon_core.package_identification:_identify(fastdds) by extension 'ignore'
[0.625s] Level 1:colcon.colcon_core.package_identification:_identify(fastdds) by extension 'ignore_ament_install'
[0.625s] Level 1:colcon.colcon_core.package_identification:_identify(fastdds) by extensions ['colcon_pkg']
[0.625s] Level 1:colcon.colcon_core.package_identification:_identify(fastdds) by extension 'colcon_pkg'
[0.625s] Level 1:colcon.colcon_core.package_identification:_identify(fastdds) by extensions ['colcon_meta']
[0.625s] Level 1:colcon.colcon_core.package_identification:_identify(fastdds) by extension 'colcon_meta'
[0.625s] Level 1:colcon.colcon_core.package_identification:_identify(fastdds) by extensions ['ros']
[0.625s] Level 1:colcon.colcon_core.package_identification:_identify(fastdds) by extension 'ros'
[0.625s] Level 1:colcon.colcon_core.package_identification:_identify(fastdds) by extensions ['cmake', 'python']
[0.625s] Level 1:colcon.colcon_core.package_identification:_identify(fastdds) by extension 'cmake'
[0.626s] Level 1:colcon.colcon_core.package_identification:_identify(fastdds) by extension 'python'
[0.626s] Level 1:colcon.colcon_core.package_identification:_identify(fastdds) by extensions ['python_setup_py']
[0.626s] Level 1:colcon.colcon_core.package_identification:_identify(fastdds) by extension 'python_setup_py'
[0.626s] Level 1:colcon.colcon_core.package_identification:_identify(install) by extensions ['ignore', 'ignore_ament_install']
[0.626s] Level 1:colcon.colcon_core.package_identification:_identify(install) by extension 'ignore'
[0.626s] Level 1:colcon.colcon_core.package_identification:_identify(install) ignored
[0.626s] Level 1:colcon.colcon_core.package_identification:_identify(log) by extensions ['ignore', 'ignore_ament_install']
[0.627s] Level 1:colcon.colcon_core.package_identification:_identify(log) by extension 'ignore'
[0.627s] Level 1:colcon.colcon_core.package_identification:_identify(log) ignored
[0.627s] Level 1:colcon.colcon_core.package_identification:_identify(src) by extensions ['ignore', 'ignore_ament_install']
[0.627s] Level 1:colcon.colcon_core.package_identification:_identify(src) by extension 'ignore'
[0.627s] Level 1:colcon.colcon_core.package_identification:_identify(src) by extension 'ignore_ament_install'
[0.627s] Level 1:colcon.colcon_core.package_identification:_identify(src) by extensions ['colcon_pkg']
[0.627s] Level 1:colcon.colcon_core.package_identification:_identify(src) by extension 'colcon_pkg'
[0.627s] Level 1:colcon.colcon_core.package_identification:_identify(src) by extensions ['colcon_meta']
[0.627s] Level 1:colcon.colcon_core.package_identification:_identify(src) by extension 'colcon_meta'
[0.627s] Level 1:colcon.colcon_core.package_identification:_identify(src) by extensions ['ros']
[0.628s] Level 1:colcon.colcon_core.package_identification:_identify(src) by extension 'ros'
[0.628s] Level 1:colcon.colcon_core.package_identification:_identify(src) by extensions ['cmake', 'python']
[0.628s] Level 1:colcon.colcon_core.package_identification:_identify(src) by extension 'cmake'
[0.628s] Level 1:colcon.colcon_core.package_identification:_identify(src) by extension 'python'
[0.628s] Level 1:colcon.colcon_core.package_identification:_identify(src) by extensions ['python_setup_py']
[0.628s] Level 1:colcon.colcon_core.package_identification:_identify(src) by extension 'python_setup_py'
[0.628s] Level 1:colcon.colcon_core.package_identification:_identify(src/bandwidth_manager) by extensions ['ignore', 'ignore_ament_install']
[0.628s] Level 1:colcon.colcon_core.package_identification:_identify(src/bandwidth_manager) by extension 'ignore'
[0.629s] Level 1:colcon.colcon_core.package_identification:_identify(src/bandwidth_manager) by extension 'ignore_ament_install'
[0.629s] Level 1:colcon.colcon_core.package_identification:_identify(src/bandwidth_manager) by extensions ['colcon_pkg']
[0.629s] Level 1:colcon.colcon_core.package_identification:_identify(src/bandwidth_manager) by extension 'colcon_pkg'
[0.629s] Level 1:colcon.colcon_core.package_identification:_identify(src/bandwidth_manager) by extensions ['colcon_meta']
[0.629s] Level 1:colcon.colcon_core.package_identification:_identify(src/bandwidth_manager) by extension 'colcon_meta'
[0.629s] Level 1:colcon.colcon_core.package_identification:_identify(src/bandwidth_manager) by extensions ['ros']
[0.629s] Level 1:colcon.colcon_core.package_identification:_identify(src/bandwidth_manager) by extension 'ros'
[0.636s] DEBUG:colcon.colcon_core.package_identification:Package 'src/bandwidth_manager' with type 'ros.ament_python' and name 'bandwidth_manager'
[0.636s] Level 1:colcon.colcon_core.package_identification:_identify(src/health_monitor) by extensions ['ignore', 'ignore_ament_install']
[0.637s] Level 1:colcon.colcon_core.package_identification:_identify(src/health_monitor) by extension 'ignore'
[0.637s] Level 1:colcon.colcon_core.package_identification:_identify(src/health_monitor) by extension 'ignore_ament_install'
[0.637s] Level 1:colcon.colcon_core.package_identification:_identify(src/health_monitor) by extensions ['colcon_pkg']
[0.637s] Level 1:colcon.colcon_core.package_identification:_identify(src/health_monitor) by extension 'colcon_pkg'
[0.637s] Level 1:colcon.colcon_core.package_identification:_identify(src/health_monitor) by extensions ['colcon_meta']
[0.637s] Level 1:colcon.colcon_core.package_identification:_identify(src/health_monitor) by extension 'colcon_meta'
[0.637s] Level 1:colcon.colcon_core.package_identification:_identify(src/health_monitor) by extensions ['ros']
[0.637s] Level 1:colcon.colcon_core.package_identification:_identify(src/health_monitor) by extension 'ros'
[0.639s] DEBUG:colcon.colcon_core.package_identification:Package 'src/health_monitor' with type 'ros.ament_python' and name 'health_monitor'
[0.639s] Level 1:colcon.colcon_core.package_identification:_identify(src/stack_msgs) by extensions ['ignore', 'ignore_ament_install']
[0.639s] Level 1:colcon.colcon_core.package_identification:_identify(src/stack_msgs) by extension 'ignore'
[0.639s] Level 1:colcon.colcon_core.package_identification:_identify(src/stack_msgs) by extension 'ignore_ament_install'
[0.640s] Level 1:colcon.colcon_core.package_identification:_identify(src/stack_msgs) by extensions ['colcon_pkg']
[0.640s] Level 1:colcon.colcon_core.package_identification:_identify(src/stack_msgs) by extension 'colcon_pkg'
[0.640s] Level 1:colcon.colcon_core.package_identification:_identify(src/stack_msgs) by extensions ['colcon_meta']
[0.640s] Level 1:colcon.colcon_core.package_identification:_identify(src/stack_msgs) by extension 'colcon_meta'
[0.640s] Level 1:colcon.colcon_core.package_identification:_identify(src/stack_msgs) by extensions ['ros']
[0.640s] Level 1:colcon.colcon_core.package_identification:_identify(src/stack_msgs) by extension 'ros'
[0.641s] DEBUG:colcon.colcon_core.package_identification:Package 'src/stack_msgs' with type 'ros.ament_cmake' and name 'stack_msgs'
[0.641s] Level 1:colcon.colcon_core.package_discovery:discover_packages(recursive) using defaults
[0.641s] Level 1:colcon.colcon_core.package_discovery:discover_packages(ignore) discover
[0.641s] Level 1:colcon.colcon_core.package_discovery:discover_packages(ignore) using defaults
[0.642s] Level 1:colcon.colcon_core.package_discovery:discover_packages(path) discover
[0.642s] Level 1:colcon.colcon_core.package_discovery:discover_packages(path) using defaults
[0.685s] INFO:colcon.colcon_core.package_selection:Skipping not selected package 'bandwidth_manager' in 'src/bandwidth_manager'
[0.686s] Level 5:colcon.colcon_core.verb:set package 'stack_msgs' build argument 'cmake_args' from command line to '['-DCMAKE_BUILD_TYPE=Release']'
[0.686s] Level 5:colcon.colcon_core.verb:set package 'stack_msgs' build argument 'cmake_target' from command line to 'None'
[0.686s] Level 5:colcon.colcon_core.verb:set package 'stack_msgs' build argument 'cmake_target_skip_unavailable' from command line to 'False'
[0.686s] Level 5:colcon.colcon_core.verb:set package 'stack_msgs' build argument 'cmake_clean_cache' from command line to 'False'
[0.686s] Level 5:colcon.colcon_core.verb:set package 'stack_msgs' build argument 'cmake_clean_first' from command line to 'False'
[0.687s] Level 5:colcon.colcon_core.verb:set package 'stack_msgs' build argument 'cmake_force_configure' from command line to 'False'
[0.687s] Level 5:colcon.colcon_core.verb:set package 'stack_msgs' build argument 'ament_cmake_args' from command line to 'None'
[0.687s] Level 5:colcon.colcon_core.verb:set package 'stack_msgs' build argument 'catkin_cmake_args' from command line to 'None'
[0.687s] Level 5:colcon.colcon_core.verb:set package 'stack_msgs' build argument 'catkin_skip_building_tests' from command line to 'False'
[0.687s] DEBUG:colcon.colcon_core.verb:Building package 'stack_msgs' with the following arguments: {'ament_cmake_args': None, 'build_base': '/ws/build/stack_msgs', 'catkin_cmake_args': None, 'catkin_skip_building_tests': False, 'cmake_args': ['-DCMAKE_BUILD_TYPE=Release'], 'cmake_clean_cache': False, 'cmake_clean_first': False, 'cmake_force_configure': False, 'cmake_target': None, 'cmake_target_skip_unavailable': False, 'install_base': '/ws/install/stack_msgs', 'merge_install': False, 'path': '/ws/src/stack_msgs', 'symlink_install': False, 'test_result_base': None}
[0.688s] Level 5:colcon.colcon_core.verb:set package 'health_monitor' build argument 'cmake_args' from command line to '['-DCMAKE_BUILD_TYPE=Release']'
[0.688s] Level 5:colcon.colcon_core.verb:set package 'health_monitor' build argument 'cmake_target' from command line to 'None'
[0.688s] Level 5:colcon.colcon_core.verb:set package 'health_monitor' build argument 'cmake_target_skip_unavailable' from command line to 'False'
[0.688s] Level 5:colcon.colcon_core.verb:set package 'health_monitor' build argument 'cmake_clean_cache' from command line to 'False'
[0.688s] Level 5:colcon.colcon_core.verb:set package 'health_monitor' build argument 'cmake_clean_first' from command line to 'False'
[0.688s] Level 5:colcon.colcon_core.verb:set package 'health_monitor' build argument 'cmake_force_configure' from command line to 'False'
[0.688s] Level 5:colcon.colcon_core.verb:set package 'health_monitor' build argument 'ament_cmake_args' from command line to 'None'
[0.688s] Level 5:colcon.colcon_core.verb:set package 'health_monitor' build argument 'catkin_cmake_args' from command line to 'None'
[0.688s] Level 5:colcon.colcon_core.verb:set package 'health_monitor' build argument 'catkin_skip_building_tests' from command line to 'False'
[0.688s] DEBUG:colcon.colcon_core.verb:Building package 'health_monitor' with the following arguments: {'ament_cmake_args': None, 'build_base': '/ws/build/health_monitor', 'catkin_cmake_args': None, 'catkin_skip_building_tests': False, 'cmake_args': ['-DCMAKE_BUILD_TYPE=Release'], 'cmake_clean_cache': False, 'cmake_clean_first': False, 'cmake_force_configure': False, 'cmake_target': None, 'cmake_target_skip_unavailable': False, 'install_base': '/ws/install/health_monitor', 'merge_install': False, 'path': '/ws/src/health_monitor', 'symlink_install': False, 'test_result_base': None}
[0.688s] INFO:colcon.colcon_core.executor:Executing jobs using 'parallel' executor
[0.693s] DEBUG:colcon.colcon_parallel_executor.executor.parallel:run_until_complete
[0.694s] INFO:colcon.colcon_ros.task.ament_cmake.build:Building ROS package in '/ws/src/stack_msgs' with build type 'ament_cmake'
[0.694s] INFO:colcon.colcon_cmake.task.cmake.build:Building CMake package in '/ws/src/stack_msgs'
[0.699s] INFO:colcon.colcon_core.plugin_system:Skipping extension 'colcon_core.shell.bat': Not used on non-Windows systems
[0.700s] INFO:colcon.colcon_core.shell:Skip shell extension 'powershell' for command environment: Not usable outside of PowerShell
[0.700s] DEBUG:colcon.colcon_core.shell:Skip shell extension 'dsv' for command environment
[0.715s] DEBUG:colcon.colcon_core.event_handler.log_command:Invoking command in '/ws/build/stack_msgs': CMAKE_PREFIX_PATH=/opt/ros/humble /usr/bin/cmake /ws/src/stack_msgs -DCMAKE_BUILD_TYPE=Release -DCMAKE_INSTALL_PREFIX=/ws/install/stack_msgs
[0.244s] DEBUG:colcon:Command line arguments: ['/usr/bin/colcon', 'build', '--packages-select', 'stack_msgs', 'health_monitor', 'bandwidth_manager', '--cmake-args', '-DCMAKE_BUILD_TYPE=Release']
[0.244s] DEBUG:colcon:Parsed command line arguments: Namespace(log_base=None, log_level=None, verb_name='build', build_base='build', install_base='install', merge_install=False, symlink_install=False, test_result_base=None, continue_on_error=False, executor='parallel', parallel_workers=6, event_handlers=None, ignore_user_meta=False, metas=['./colcon.meta'], base_paths=['.'], packages_ignore=None, packages_ignore_regex=None, paths=None, packages_up_to=None, packages_up_to_regex=None, packages_above=None, packages_above_and_dependencies=None, packages_above_depth=None, packages_select_by_dep=None, packages_skip_by_dep=None, packages_skip_up_to=None, packages_select_build_failed=False, packages_skip_build_finished=False, packages_select_test_failures=False, packages_skip_test_passed=False, packages_select=['stack_msgs', 'health_monitor', 'bandwidth_manager'], packages_skip=None, packages_select_regex=None, packages_skip_regex=None, packages_start=None, packages_end=None, cmake_args=['-DCMAKE_BUILD_TYPE=Release'], cmake_target=None, cmake_target_skip_unavailable=False, cmake_clean_cache=False, cmake_clean_first=False, cmake_force_configure=False, ament_cmake_args=None, catkin_cmake_args=None, catkin_skip_building_tests=False, verb_parser=<colcon_defaults.argument_parser.defaults.DefaultArgumentsDecorator object at 0xffff9670d8d0>, verb_extension=<colcon_core.verb.build.BuildVerb object at 0xffff96682560>, main=<bound method BuildVerb.main of <colcon_core.verb.build.BuildVerb object at 0xffff96682560>>)
[0.235s] DEBUG:colcon:Command line arguments: ['/usr/bin/colcon', 'build', '--packages-select', 'stack_msgs', 'health_monitor', '--cmake-args', '-DCMAKE_BUILD_TYPE=Release']
[0.236s] DEBUG:colcon:Parsed command line arguments: Namespace(log_base=None, log_level=None, verb_name='build', build_base='build', install_base='install', merge_install=False, symlink_install=False, test_result_base=None, continue_on_error=False, executor='parallel', parallel_workers=6, event_handlers=None, ignore_user_meta=False, metas=['./colcon.meta'], base_paths=['.'], packages_ignore=None, packages_ignore_regex=None, paths=None, packages_up_to=None, packages_up_to_regex=None, packages_above=None, packages_above_and_dependencies=None, packages_above_depth=None, packages_select_by_dep=None, packages_skip_by_dep=None, packages_skip_up_to=None, packages_select_build_failed=False, packages_skip_build_finished=False, packages_select_test_failures=False, packages_skip_test_passed=False, packages_select=['stack_msgs', 'health_monitor'], packages_skip=None, packages_select_regex=None, packages_skip_regex=None, packages_start=None, packages_end=None, cmake_args=['-DCMAKE_BUILD_TYPE=Release'], cmake_target=None, cmake_target_skip_unavailable=False, cmake_clean_cache=False, cmake_clean_first=False, cmake_force_configure=False, ament_cmake_args=None, catkin_cmake_args=None, catkin_skip_building_tests=False, verb_parser=<colcon_defaults.argument_parser.defaults.DefaultArgumentsDecorator object at 0xffff8c94d8d0>, verb_extension=<colcon_core.verb.build.BuildVerb object at 0xffff8c8c2560>, main=<bound method BuildVerb.main of <colcon_core.verb.build.BuildVerb object at 0xffff8c8c2560>>)
[0.506s] Level 1:colcon.colcon_core.package_discovery:discover_packages(colcon_meta) check parameters
[0.506s] Level 1:colcon.colcon_core.package_discovery:discover_packages(recursive) check parameters
[0.506s] Level 1:colcon.colcon_core.package_discovery:discover_packages(ignore) check parameters
[0.506s] Level 1:colcon.colcon_core.package_discovery:discover_packages(path) check parameters
[0.506s] Level 1:colcon.colcon_core.package_discovery:discover_packages(colcon_meta) discover
[0.506s] Level 1:colcon.colcon_core.package_discovery:discover_packages(recursive) discover
[0.507s] INFO:colcon.colcon_core.package_discovery:Crawling recursively for packages in '/ws'
[0.507s] Level 1:colcon.colcon_core.package_identification:_identify(.) by extensions ['ignore', 'ignore_ament_install']
[0.507s] Level 1:colcon.colcon_core.package_identification:_identify(.) by extension 'ignore'
[0.507s] Level 1:colcon.colcon_core.package_identification:_identify(.) by extension 'ignore_ament_install'
[0.507s] Level 1:colcon.colcon_core.package_identification:_identify(.) by extensions ['colcon_pkg']
[0.507s] Level 1:colcon.colcon_core.package_identification:_identify(.) by extension 'colcon_pkg'
[0.508s] Level 1:colcon.colcon_core.package_identification:_identify(.) by extensions ['colcon_meta']
[0.508s] Level 1:colcon.colcon_core.package_identification:_identify(.) by extension 'colcon_meta'
[0.508s] Level 1:colcon.colcon_core.package_identification:_identify(.) by extensions ['ros']
[0.508s] Level 1:colcon.colcon_core.package_identification:_identify(.) by extension 'ros'
[0.534s] Level 1:colcon.colcon_core.package_identification:_identify(.) by extensions ['cmake', 'python']
[0.534s] Level 1:colcon.colcon_core.package_identification:_identify(.) by extension 'cmake'
[0.534s] Level 1:colcon.colcon_core.package_identification:_identify(.) by extension 'python'
[0.534s] Level 1:colcon.colcon_core.package_identification:_identify(.) by extensions ['python_setup_py']
[0.534s] Level 1:colcon.colcon_core.package_identification:_identify(.) by extension 'python_setup_py'
[0.535s] Level 1:colcon.colcon_core.package_identification:_identify(build) by extensions ['ignore', 'ignore_ament_install']
[0.535s] Level 1:colcon.colcon_core.package_identification:_identify(build) by extension 'ignore'
[0.535s] Level 1:colcon.colcon_core.package_identification:_identify(build) ignored
[0.535s] Level 1:colcon.colcon_core.package_identification:_identify(docker) by extensions ['ignore', 'ignore_ament_install']
[0.535s] Level 1:colcon.colcon_core.package_identification:_identify(docker) by extension 'ignore'
[0.536s] Level 1:colcon.colcon_core.package_identification:_identify(docker) by extension 'ignore_ament_install'
[0.536s] Level 1:colcon.colcon_core.package_identification:_identify(docker) by extensions ['colcon_pkg']
[0.536s] Level 1:colcon.colcon_core.package_identification:_identify(docker) by extension 'colcon_pkg'
[0.536s] Level 1:colcon.colcon_core.package_identification:_identify(docker) by extensions ['colcon_meta']
[0.536s] Level 1:colcon.colcon_core.package_identification:_identify(docker) by extension 'colcon_meta'
[0.536s] Level 1:colcon.colcon_core.package_identification:_identify(docker) by extensions ['ros']
[0.536s] Level 1:colcon.colcon_core.package_identification:_identify(docker) by extension 'ros'
[0.536s] Level 1:colcon.colcon_core.package_identification:_identify(docker) by extensions ['cmake', 'python']
[0.536s] Level 1:colcon.colcon_core.package_identification:_identify(docker) by extension 'cmake'
[0.536s] Level 1:colcon.colcon_core.package_identification:_identify(docker) by extension 'python'
[0.537s] Level 1:colcon.colcon_core.package_identification:_identify(docker) by extensions ['python_setup_py']
[0.537s] Level 1:colcon.colcon_core.package_identification:_identify(docker) by extension 'python_setup_py'
[0.537s] Level 1:colcon.colcon_core.package_identification:_identify(docker/compose) by extensions ['ignore', 'ignore_ament_install']
[0.537s] Level 1:colcon.colcon_core.package_identification:_identify(docker/compose) by extension 'ignore'
[0.537s] Level 1:colcon.colcon_core.package_identification:_identify(docker/compose) by extension 'ignore_ament_install'
[0.537s] Level 1:colcon.colcon_core.package_identification:_identify(docker/compose) by extensions ['colcon_pkg']
[0.537s] Level 1:colcon.colcon_core.package_identification:_identify(docker/compose) by extension 'colcon_pkg'
[0.537s] Level 1:colcon.colcon_core.package_identification:_identify(docker/compose) by extensions ['colcon_meta']
[0.537s] Level 1:colcon.colcon_core.package_identification:_identify(docker/compose) by extension 'colcon_meta'
[0.538s] Level 1:colcon.colcon_core.package_identification:_identify(docker/compose) by extensions ['ros']
[0.538s] Level 1:colcon.colcon_core.package_identification:_identify(docker/compose) by extension 'ros'
[0.538s] Level 1:colcon.colcon_core.package_identification:_identify(docker/compose) by extensions ['cmake', 'python']
[0.538s] Level 1:colcon.colcon_core.package_identification:_identify(docker/compose) by extension 'cmake'
[0.538s] Level 1:colcon.colcon_core.package_identification:_identify(docker/compose) by extension 'python'
[0.538s] Level 1:colcon.colcon_core.package_identification:_identify(docker/compose) by extensions ['python_setup_py']
[0.538s] Level 1:colcon.colcon_core.package_identification:_identify(docker/compose) by extension 'python_setup_py'
[0.538s] Level 1:colcon.colcon_core.package_identification:_identify(docker/jetson) by extensions ['ignore', 'ignore_ament_install']
[0.539s] Level 1:colcon.colcon_core.package_identification:_identify(docker/jetson) by extension 'ignore'
[0.539s] Level 1:colcon.colcon_core.package_identification:_identify(docker/jetson) by extension 'ignore_ament_install'
[0.539s] Level 1:colcon.colcon_core.package_identification:_identify(docker/jetson) by extensions ['colcon_pkg']
[0.539s] Level 1:colcon.colcon_core.package_identification:_identify(docker/jetson) by extension 'colcon_pkg'
[0.539s] Level 1:colcon.colcon_core.package_identification:_identify(docker/jetson) by extensions ['colcon_meta']
[0.539s] Level 1:colcon.colcon_core.package_identification:_identify(docker/jetson) by extension 'colcon_meta'
[0.539s] Level 1:colcon.colcon_core.package_identification:_identify(docker/jetson) by extensions ['ros']
[0.539s] Level 1:colcon.colcon_core.package_identification:_identify(docker/jetson) by extension 'ros'
[0.539s] Level 1:colcon.colcon_core.package_identification:_identify(docker/jetson) by extensions ['cmake', 'python']
[0.539s] Level 1:colcon.colcon_core.package_identification:_identify(docker/jetson) by extension 'cmake'
[0.539s] Level 1:colcon.colcon_core.package_identification:_identify(docker/jetson) by extension 'python'
[0.540s] Level 1:colcon.colcon_core.package_identification:_identify(docker/jetson) by extensions ['python_setup_py']
[0.540s] Level 1:colcon.colcon_core.package_identification:_identify(docker/jetson) by extension 'python_setup_py'
[0.540s] Level 1:colcon.colcon_core.package_identification:_identify(docker/operator) by extensions ['ignore', 'ignore_ament_install']
[0.540s] Level 1:colcon.colcon_core.package_identification:_identify(docker/operator) by extension 'ignore'
[0.540s] Level 1:colcon.colcon_core.package_identification:_identify(docker/operator) by extension 'ignore_ament_install'
[0.540s] Level 1:colcon.colcon_core.package_identification:_identify(docker/operator) by extensions ['colcon_pkg']
[0.540s] Level 1:colcon.colcon_core.package_identification:_identify(docker/operator) by extension 'colcon_pkg'
[0.540s] Level 1:colcon.colcon_core.package_identification:_identify(docker/operator) by extensions ['colcon_meta']
[0.540s] Level 1:colcon.colcon_core.package_identification:_identify(docker/operator) by extension 'colcon_meta'
[0.541s] Level 1:colcon.colcon_core.package_identification:_identify(docker/operator) by extensions ['ros']
[0.541s] Level 1:colcon.colcon_core.package_identification:_identify(docker/operator) by extension 'ros'
[0.541s] Level 1:colcon.colcon_core.package_identification:_identify(docker/operator) by extensions ['cmake', 'python']
[0.541s] Level 1:colcon.colcon_core.package_identification:_identify(docker/operator) by extension 'cmake'
[0.541s] Level 1:colcon.colcon_core.package_identification:_identify(docker/operator) by extension 'python'
[0.541s] Level 1:colcon.colcon_core.package_identification:_identify(docker/operator) by extensions ['python_setup_py']
[0.541s] Level 1:colcon.colcon_core.package_identification:_identify(docker/operator) by extension 'python_setup_py'
[0.541s] Level 1:colcon.colcon_core.package_identification:_identify(docs) by extensions ['ignore', 'ignore_ament_install']
[0.541s] Level 1:colcon.colcon_core.package_identification:_identify(docs) by extension 'ignore'
[0.542s] Level 1:colcon.colcon_core.package_identification:_identify(docs) by extension 'ignore_ament_install'
[0.542s] Level 1:colcon.colcon_core.package_identification:_identify(docs) by extensions ['colcon_pkg']
[0.542s] Level 1:colcon.colcon_core.package_identification:_identify(docs) by extension 'colcon_pkg'
[0.542s] Level 1:colcon.colcon_core.package_identification:_identify(docs) by extensions ['colcon_meta']
[0.542s] Level 1:colcon.colcon_core.package_identification:_identify(docs) by extension 'colcon_meta'
[0.542s] Level 1:colcon.colcon_core.package_identification:_identify(docs) by extensions ['ros']
[0.542s] Level 1:colcon.colcon_core.package_identification:_identify(docs) by extension 'ros'
[0.542s] Level 1:colcon.colcon_core.package_identification:_identify(docs) by extensions ['cmake', 'python']
[0.542s] Level 1:colcon.colcon_core.package_identification:_identify(docs) by extension 'cmake'
[0.542s] Level 1:colcon.colcon_core.package_identification:_identify(docs) by extension 'python'
[0.542s] Level 1:colcon.colcon_core.package_identification:_identify(docs) by extensions ['python_setup_py']
[0.543s] Level 1:colcon.colcon_core.package_identification:_identify(docs) by extension 'python_setup_py'
[0.543s] Level 1:colcon.colcon_core.package_identification:_identify(fastdds) by extensions ['ignore', 'ignore_ament_install']
[0.543s] Level 1:colcon.colcon_core.package_identification:_identify(fastdds) by extension 'ignore'
[0.543s] Level 1:colcon.colcon_core.package_identification:_identify(fastdds) by extension 'ignore_ament_install'
[0.543s] Level 1:colcon.colcon_core.package_identification:_identify(fastdds) by extensions ['colcon_pkg']
[0.543s] Level 1:colcon.colcon_core.package_identification:_identify(fastdds) by extension 'colcon_pkg'
[0.543s] Level 1:colcon.colcon_core.package_identification:_identify(fastdds) by extensions ['colcon_meta']
[0.543s] Level 1:colcon.colcon_core.package_identification:_identify(fastdds) by extension 'colcon_meta'
[0.543s] Level 1:colcon.colcon_core.package_identification:_identify(fastdds) by extensions ['ros']
[0.543s] Level 1:colcon.colcon_core.package_identification:_identify(fastdds) by extension 'ros'
[0.544s] Level 1:colcon.colcon_core.package_identification:_identify(fastdds) by extensions ['cmake', 'python']
[0.544s] Level 1:colcon.colcon_core.package_identification:_identify(fastdds) by extension 'cmake'
[0.544s] Level 1:colcon.colcon_core.package_identification:_identify(fastdds) by extension 'python'
[0.544s] Level 1:colcon.colcon_core.package_identification:_identify(fastdds) by extensions ['python_setup_py']
[0.544s] Level 1:colcon.colcon_core.package_identification:_identify(fastdds) by extension 'python_setup_py'
[0.544s] Level 1:colcon.colcon_core.package_identification:_identify(install) by extensions ['ignore', 'ignore_ament_install']
[0.544s] Level 1:colcon.colcon_core.package_identification:_identify(install) by extension 'ignore'
[0.544s] Level 1:colcon.colcon_core.package_identification:_identify(install) ignored
[0.545s] Level 1:colcon.colcon_core.package_identification:_identify(log) by extensions ['ignore', 'ignore_ament_install']
[0.545s] Level 1:colcon.colcon_core.package_identification:_identify(log) by extension 'ignore'
[0.545s] Level 1:colcon.colcon_core.package_identification:_identify(log) ignored
[0.545s] Level 1:colcon.colcon_core.package_identification:_identify(src) by extensions ['ignore', 'ignore_ament_install']
[0.545s] Level 1:colcon.colcon_core.package_identification:_identify(src) by extension 'ignore'
[0.545s] Level 1:colcon.colcon_core.package_identification:_identify(src) by extension 'ignore_ament_install'
[0.545s] Level 1:colcon.colcon_core.package_identification:_identify(src) by extensions ['colcon_pkg']
[0.546s] Level 1:colcon.colcon_core.package_identification:_identify(src) by extension 'colcon_pkg'
[0.546s] Level 1:colcon.colcon_core.package_identification:_identify(src) by extensions ['colcon_meta']
[0.546s] Level 1:colcon.colcon_core.package_identification:_identify(src) by extension 'colcon_meta'
[0.546s] Level 1:colcon.colcon_core.package_identification:_identify(src) by extensions ['ros']
[0.546s] Level 1:colcon.colcon_core.package_identification:_identify(src) by extension 'ros'
[0.546s] Level 1:colcon.colcon_core.package_identification:_identify(src) by extensions ['cmake', 'python']
[0.546s] Level 1:colcon.colcon_core.package_identification:_identify(src) by extension 'cmake'
[0.546s] Level 1:colcon.colcon_core.package_identification:_identify(src) by extension 'python'
[0.546s] Level 1:colcon.colcon_core.package_identification:_identify(src) by extensions ['python_setup_py']
[0.546s] Level 1:colcon.colcon_core.package_identification:_identify(src) by extension 'python_setup_py'
[0.547s] Level 1:colcon.colcon_core.package_identification:_identify(src/bandwidth_manager) by extensions ['ignore', 'ignore_ament_install']
[0.547s] Level 1:colcon.colcon_core.package_identification:_identify(src/bandwidth_manager) by extension 'ignore'
[0.547s] Level 1:colcon.colcon_core.package_identification:_identify(src/bandwidth_manager) by extension 'ignore_ament_install'
[0.547s] Level 1:colcon.colcon_core.package_identification:_identify(src/bandwidth_manager) by extensions ['colcon_pkg']
[0.547s] Level 1:colcon.colcon_core.package_identification:_identify(src/bandwidth_manager) by extension 'colcon_pkg'
[0.547s] Level 1:colcon.colcon_core.package_identification:_identify(src/bandwidth_manager) by extensions ['colcon_meta']
[0.547s] Level 1:colcon.colcon_core.package_identification:_identify(src/bandwidth_manager) by extension 'colcon_meta'
[0.547s] Level 1:colcon.colcon_core.package_identification:_identify(src/bandwidth_manager) by extensions ['ros']
[0.547s] Level 1:colcon.colcon_core.package_identification:_identify(src/bandwidth_manager) by extension 'ros'
[0.553s] DEBUG:colcon.colcon_core.package_identification:Package 'src/bandwidth_manager' with type 'ros.ament_python' and name 'bandwidth_manager'
[0.554s] Level 1:colcon.colcon_core.package_identification:_identify(src/health_monitor) by extensions ['ignore', 'ignore_ament_install']
[0.554s] Level 1:colcon.colcon_core.package_identification:_identify(src/health_monitor) by extension 'ignore'
[0.554s] Level 1:colcon.colcon_core.package_identification:_identify(src/health_monitor) by extension 'ignore_ament_install'
[0.554s] Level 1:colcon.colcon_core.package_identification:_identify(src/health_monitor) by extensions ['colcon_pkg']
[0.554s] Level 1:colcon.colcon_core.package_identification:_identify(src/health_monitor) by extension 'colcon_pkg'
[0.555s] Level 1:colcon.colcon_core.package_identification:_identify(src/health_monitor) by extensions ['colcon_meta']
[0.555s] Level 1:colcon.colcon_core.package_identification:_identify(src/health_monitor) by extension 'colcon_meta'
[0.555s] Level 1:colcon.colcon_core.package_identification:_identify(src/health_monitor) by extensions ['ros']
[0.555s] Level 1:colcon.colcon_core.package_identification:_identify(src/health_monitor) by extension 'ros'
[0.556s] DEBUG:colcon.colcon_core.package_identification:Package 'src/health_monitor' with type 'ros.ament_python' and name 'health_monitor'
[0.557s] Level 1:colcon.colcon_core.package_identification:_identify(src/stack_msgs) by extensions ['ignore', 'ignore_ament_install']
[0.557s] Level 1:colcon.colcon_core.package_identification:_identify(src/stack_msgs) by extension 'ignore'
[0.557s] Level 1:colcon.colcon_core.package_identification:_identify(src/stack_msgs) by extension 'ignore_ament_install'
[0.557s] Level 1:colcon.colcon_core.package_identification:_identify(src/stack_msgs) by extensions ['colcon_pkg']
[0.557s] Level 1:colcon.colcon_core.package_identification:_identify(src/stack_msgs) by extension 'colcon_pkg'
[0.557s] Level 1:colcon.colcon_core.package_identification:_identify(src/stack_msgs) by extensions ['colcon_meta']
[0.557s] Level 1:colcon.colcon_core.package_identification:_identify(src/stack_msgs) by extension 'colcon_meta'
[0.558s] Level 1:colcon.colcon_core.package_identification:_identify(src/stack_msgs) by extensions ['ros']
[0.558s] Level 1:colcon.colcon_core.package_identification:_identify(src/stack_msgs) by extension 'ros'
[0.559s] DEBUG:colcon.colcon_core.package_identification:Package 'src/stack_msgs' with type 'ros.ament_cmake' and name 'stack_msgs'
[0.559s] Level 1:colcon.colcon_core.package_discovery:discover_packages(recursive) using defaults
[0.559s] Level 1:colcon.colcon_core.package_discovery:discover_packages(ignore) discover
[0.559s] Level 1:colcon.colcon_core.package_discovery:discover_packages(ignore) using defaults
[0.559s] Level 1:colcon.colcon_core.package_discovery:discover_packages(path) discover
[0.559s] Level 1:colcon.colcon_core.package_discovery:discover_packages(path) using defaults
[0.604s] Level 5:colcon.colcon_core.verb:set package 'stack_msgs' build argument 'cmake_args' from command line to '['-DCMAKE_BUILD_TYPE=Release']'
[0.604s] Level 5:colcon.colcon_core.verb:set package 'stack_msgs' build argument 'cmake_target' from command line to 'None'
[0.604s] Level 5:colcon.colcon_core.verb:set package 'stack_msgs' build argument 'cmake_target_skip_unavailable' from command line to 'False'
[0.604s] Level 5:colcon.colcon_core.verb:set package 'stack_msgs' build argument 'cmake_clean_cache' from command line to 'False'
[0.604s] Level 5:colcon.colcon_core.verb:set package 'stack_msgs' build argument 'cmake_clean_first' from command line to 'False'
[0.604s] Level 5:colcon.colcon_core.verb:set package 'stack_msgs' build argument 'cmake_force_configure' from command line to 'False'
[0.604s] Level 5:colcon.colcon_core.verb:set package 'stack_msgs' build argument 'ament_cmake_args' from command line to 'None'
[0.604s] Level 5:colcon.colcon_core.verb:set package 'stack_msgs' build argument 'catkin_cmake_args' from command line to 'None'
[0.604s] Level 5:colcon.colcon_core.verb:set package 'stack_msgs' build argument 'catkin_skip_building_tests' from command line to 'False'
[0.604s] DEBUG:colcon.colcon_core.verb:Building package 'stack_msgs' with the following arguments: {'ament_cmake_args': None, 'build_base': '/ws/build/stack_msgs', 'catkin_cmake_args': None, 'catkin_skip_building_tests': False, 'cmake_args': ['-DCMAKE_BUILD_TYPE=Release'], 'cmake_clean_cache': False, 'cmake_clean_first': False, 'cmake_force_configure': False, 'cmake_target': None, 'cmake_target_skip_unavailable': False, 'install_base': '/ws/install/stack_msgs', 'merge_install': False, 'path': '/ws/src/stack_msgs', 'symlink_install': False, 'test_result_base': None}
[0.605s] Level 5:colcon.colcon_core.verb:set package 'bandwidth_manager' build argument 'cmake_args' from command line to '['-DCMAKE_BUILD_TYPE=Release']'
[0.605s] Level 5:colcon.colcon_core.verb:set package 'bandwidth_manager' build argument 'cmake_target' from command line to 'None'
[0.605s] Level 5:colcon.colcon_core.verb:set package 'bandwidth_manager' build argument 'cmake_target_skip_unavailable' from command line to 'False'
[0.605s] Level 5:colcon.colcon_core.verb:set package 'bandwidth_manager' build argument 'cmake_clean_cache' from command line to 'False'
[0.605s] Level 5:colcon.colcon_core.verb:set package 'bandwidth_manager' build argument 'cmake_clean_first' from command line to 'False'
[0.605s] Level 5:colcon.colcon_core.verb:set package 'bandwidth_manager' build argument 'cmake_force_configure' from command line to 'False'
[0.605s] Level 5:colcon.colcon_core.verb:set package 'bandwidth_manager' build argument 'ament_cmake_args' from command line to 'None'
[0.605s] Level 5:colcon.colcon_core.verb:set package 'bandwidth_manager' build argument 'catkin_cmake_args' from command line to 'None'
[0.606s] Level 5:colcon.colcon_core.verb:set package 'bandwidth_manager' build argument 'catkin_skip_building_tests' from command line to 'False'
[0.606s] DEBUG:colcon.colcon_core.verb:Building package 'bandwidth_manager' with the following arguments: {'ament_cmake_args': None, 'build_base': '/ws/build/bandwidth_manager', 'catkin_cmake_args': None, 'catkin_skip_building_tests': False, 'cmake_args': ['-DCMAKE_BUILD_TYPE=Release'], 'cmake_clean_cache': False, 'cmake_clean_first': False, 'cmake_force_configure': False, 'cmake_target': None, 'cmake_target_skip_unavailable': False, 'install_base': '/ws/install/bandwidth_manager', 'merge_install': False, 'path': '/ws/src/bandwidth_manager', 'symlink_install': False, 'test_result_base': None}
[0.606s] Level 5:colcon.colcon_core.verb:set package 'health_monitor' build argument 'cmake_args' from command line to '['-DCMAKE_BUILD_TYPE=Release']'
[0.606s] Level 5:colcon.colcon_core.verb:set package 'health_monitor' build argument 'cmake_target' from command line to 'None'
[0.606s] Level 5:colcon.colcon_core.verb:set package 'health_monitor' build argument 'cmake_target_skip_unavailable' from command line to 'False'
[0.606s] Level 5:colcon.colcon_core.verb:set package 'health_monitor' build argument 'cmake_clean_cache' from command line to 'False'
[0.607s] Level 5:colcon.colcon_core.verb:set package 'health_monitor' build argument 'cmake_clean_first' from command line to 'False'
[0.607s] Level 5:colcon.colcon_core.verb:set package 'health_monitor' build argument 'cmake_force_configure' from command line to 'False'
[0.607s] Level 5:colcon.colcon_core.verb:set package 'health_monitor' build argument 'ament_cmake_args' from command line to 'None'
[0.607s] Level 5:colcon.colcon_core.verb:set package 'health_monitor' build argument 'catkin_cmake_args' from command line to 'None'
[0.607s] Level 5:colcon.colcon_core.verb:set package 'health_monitor' build argument 'catkin_skip_building_tests' from command line to 'False'
[0.607s] DEBUG:colcon.colcon_core.verb:Building package 'health_monitor' with the following arguments: {'ament_cmake_args': None, 'build_base': '/ws/build/health_monitor', 'catkin_cmake_args': None, 'catkin_skip_building_tests': False, 'cmake_args': ['-DCMAKE_BUILD_TYPE=Release'], 'cmake_clean_cache': False, 'cmake_clean_first': False, 'cmake_force_configure': False, 'cmake_target': None, 'cmake_target_skip_unavailable': False, 'install_base': '/ws/install/health_monitor', 'merge_install': False, 'path': '/ws/src/health_monitor', 'symlink_install': False, 'test_result_base': None}
[0.607s] INFO:colcon.colcon_core.executor:Executing jobs using 'parallel' executor
[0.612s] DEBUG:colcon.colcon_parallel_executor.executor.parallel:run_until_complete
[0.612s] INFO:colcon.colcon_ros.task.ament_cmake.build:Building ROS package in '/ws/src/stack_msgs' with build type 'ament_cmake'
[0.613s] INFO:colcon.colcon_cmake.task.cmake.build:Building CMake package in '/ws/src/stack_msgs'
[0.618s] INFO:colcon.colcon_core.plugin_system:Skipping extension 'colcon_core.shell.bat': Not used on non-Windows systems
[0.618s] INFO:colcon.colcon_core.shell:Skip shell extension 'powershell' for command environment: Not usable outside of PowerShell
[0.618s] DEBUG:colcon.colcon_core.shell:Skip shell extension 'dsv' for command environment
[0.632s] DEBUG:colcon.colcon_core.event_handler.log_command:Invoking command in '/ws/build/stack_msgs': CMAKE_PREFIX_PATH=/opt/ros/humble /usr/bin/cmake /ws/src/stack_msgs -DCMAKE_BUILD_TYPE=Release -DCMAKE_INSTALL_PREFIX=/ws/install/stack_msgs
[0.497s] Level 1:colcon.colcon_core.package_discovery:discover_packages(colcon_meta) check parameters
[0.497s] Level 1:colcon.colcon_core.package_discovery:discover_packages(recursive) check parameters
[0.497s] Level 1:colcon.colcon_core.package_discovery:discover_packages(ignore) check parameters
[0.497s] Level 1:colcon.colcon_core.package_discovery:discover_packages(path) check parameters
[0.497s] Level 1:colcon.colcon_core.package_discovery:discover_packages(colcon_meta) discover
[0.497s] Level 1:colcon.colcon_core.package_discovery:discover_packages(recursive) discover
[0.498s] INFO:colcon.colcon_core.package_discovery:Crawling recursively for packages in '/ws'
[0.498s] Level 1:colcon.colcon_core.package_identification:_identify(.) by extensions ['ignore', 'ignore_ament_install']
[0.498s] Level 1:colcon.colcon_core.package_identification:_identify(.) by extension 'ignore'
[0.498s] Level 1:colcon.colcon_core.package_identification:_identify(.) by extension 'ignore_ament_install'
[0.498s] Level 1:colcon.colcon_core.package_identification:_identify(.) by extensions ['colcon_pkg']
[0.498s] Level 1:colcon.colcon_core.package_identification:_identify(.) by extension 'colcon_pkg'
[0.498s] Level 1:colcon.colcon_core.package_identification:_identify(.) by extensions ['colcon_meta']
[0.499s] Level 1:colcon.colcon_core.package_identification:_identify(.) by extension 'colcon_meta'
[0.499s] Level 1:colcon.colcon_core.package_identification:_identify(.) by extensions ['ros']
[0.499s] Level 1:colcon.colcon_core.package_identification:_identify(.) by extension 'ros'
[0.527s] Level 1:colcon.colcon_core.package_identification:_identify(.) by extensions ['cmake', 'python']
[0.527s] Level 1:colcon.colcon_core.package_identification:_identify(.) by extension 'cmake'
[0.527s] Level 1:colcon.colcon_core.package_identification:_identify(.) by extension 'python'
[0.527s] Level 1:colcon.colcon_core.package_identification:_identify(.) by extensions ['python_setup_py']
[0.527s] Level 1:colcon.colcon_core.package_identification:_identify(.) by extension 'python_setup_py'
[0.528s] Level 1:colcon.colcon_core.package_identification:_identify(build) by extensions ['ignore', 'ignore_ament_install']
[0.528s] Level 1:colcon.colcon_core.package_identification:_identify(build) by extension 'ignore'
[0.528s] Level 1:colcon.colcon_core.package_identification:_identify(build) ignored
[0.528s] Level 1:colcon.colcon_core.package_identification:_identify(docker) by extensions ['ignore', 'ignore_ament_install']
[0.528s] Level 1:colcon.colcon_core.package_identification:_identify(docker) by extension 'ignore'
[0.529s] Level 1:colcon.colcon_core.package_identification:_identify(docker) by extension 'ignore_ament_install'
[0.529s] Level 1:colcon.colcon_core.package_identification:_identify(docker) by extensions ['colcon_pkg']
[0.529s] Level 1:colcon.colcon_core.package_identification:_identify(docker) by extension 'colcon_pkg'
[0.529s] Level 1:colcon.colcon_core.package_identification:_identify(docker) by extensions ['colcon_meta']
[0.529s] Level 1:colcon.colcon_core.package_identification:_identify(docker) by extension 'colcon_meta'
[0.529s] Level 1:colcon.colcon_core.package_identification:_identify(docker) by extensions ['ros']
[0.529s] Level 1:colcon.colcon_core.package_identification:_identify(docker) by extension 'ros'
[0.529s] Level 1:colcon.colcon_core.package_identification:_identify(docker) by extensions ['cmake', 'python']
[0.529s] Level 1:colcon.colcon_core.package_identification:_identify(docker) by extension 'cmake'
[0.530s] Level 1:colcon.colcon_core.package_identification:_identify(docker) by extension 'python'
[0.530s] Level 1:colcon.colcon_core.package_identification:_identify(docker) by extensions ['python_setup_py']
[0.530s] Level 1:colcon.colcon_core.package_identification:_identify(docker) by extension 'python_setup_py'
[0.530s] Level 1:colcon.colcon_core.package_identification:_identify(docker/compose) by extensions ['ignore', 'ignore_ament_install']
[0.530s] Level 1:colcon.colcon_core.package_identification:_identify(docker/compose) by extension 'ignore'
[0.530s] Level 1:colcon.colcon_core.package_identification:_identify(docker/compose) by extension 'ignore_ament_install'
[0.530s] Level 1:colcon.colcon_core.package_identification:_identify(docker/compose) by extensions ['colcon_pkg']
[0.530s] Level 1:colcon.colcon_core.package_identification:_identify(docker/compose) by extension 'colcon_pkg'
[0.530s] Level 1:colcon.colcon_core.package_identification:_identify(docker/compose) by extensions ['colcon_meta']
[0.531s] Level 1:colcon.colcon_core.package_identification:_identify(docker/compose) by extension 'colcon_meta'
[0.531s] Level 1:colcon.colcon_core.package_identification:_identify(docker/compose) by extensions ['ros']
[0.531s] Level 1:colcon.colcon_core.package_identification:_identify(docker/compose) by extension 'ros'
[0.531s] Level 1:colcon.colcon_core.package_identification:_identify(docker/compose) by extensions ['cmake', 'python']
[0.531s] Level 1:colcon.colcon_core.package_identification:_identify(docker/compose) by extension 'cmake'
[0.531s] Level 1:colcon.colcon_core.package_identification:_identify(docker/compose) by extension 'python'
[0.531s] Level 1:colcon.colcon_core.package_identification:_identify(docker/compose) by extensions ['python_setup_py']
[0.531s] Level 1:colcon.colcon_core.package_identification:_identify(docker/compose) by extension 'python_setup_py'
[0.531s] Level 1:colcon.colcon_core.package_identification:_identify(docker/jetson) by extensions ['ignore', 'ignore_ament_install']
[0.532s] Level 1:colcon.colcon_core.package_identification:_identify(docker/jetson) by extension 'ignore'
[0.532s] Level 1:colcon.colcon_core.package_identification:_identify(docker/jetson) by extension 'ignore_ament_install'
[0.532s] Level 1:colcon.colcon_core.package_identification:_identify(docker/jetson) by extensions ['colcon_pkg']
[0.532s] Level 1:colcon.colcon_core.package_identification:_identify(docker/jetson) by extension 'colcon_pkg'
[0.532s] Level 1:colcon.colcon_core.package_identification:_identify(docker/jetson) by extensions ['colcon_meta']
[0.532s] Level 1:colcon.colcon_core.package_identification:_identify(docker/jetson) by extension 'colcon_meta'
[0.532s] Level 1:colcon.colcon_core.package_identification:_identify(docker/jetson) by extensions ['ros']
[0.532s] Level 1:colcon.colcon_core.package_identification:_identify(docker/jetson) by extension 'ros'
[0.533s] Level 1:colcon.colcon_core.package_identification:_identify(docker/jetson) by extensions ['cmake', 'python']
[0.533s] Level 1:colcon.colcon_core.package_identification:_identify(docker/jetson) by extension 'cmake'
[0.533s] Level 1:colcon.colcon_core.package_identification:_identify(docker/jetson) by extension 'python'
[0.533s] Level 1:colcon.colcon_core.package_identification:_identify(docker/jetson) by extensions ['python_setup_py']
[0.533s] Level 1:colcon.colcon_core.package_identification:_identify(docker/jetson) by extension 'python_setup_py'
[0.533s] Level 1:colcon.colcon_core.package_identification:_identify(docker/operator) by extensions ['ignore', 'ignore_ament_install']
[0.533s] Level 1:colcon.colcon_core.package_identification:_identify(docker/operator) by extension 'ignore'
[0.533s] Level 1:colcon.colcon_core.package_identification:_identify(docker/operator) by extension 'ignore_ament_install'
[0.533s] Level 1:colcon.colcon_core.package_identification:_identify(docker/operator) by extensions ['colcon_pkg']
[0.534s] Level 1:colcon.colcon_core.package_identification:_identify(docker/operator) by extension 'colcon_pkg'
[0.534s] Level 1:colcon.colcon_core.package_identification:_identify(docker/operator) by extensions ['colcon_meta']
[0.534s] Level 1:colcon.colcon_core.package_identification:_identify(docker/operator) by extension 'colcon_meta'
[0.534s] Level 1:colcon.colcon_core.package_identification:_identify(docker/operator) by extensions ['ros']
[0.534s] Level 1:colcon.colcon_core.package_identification:_identify(docker/operator) by extension 'ros'
[0.534s] Level 1:colcon.colcon_core.package_identification:_identify(docker/operator) by extensions ['cmake', 'python']
[0.534s] Level 1:colcon.colcon_core.package_identification:_identify(docker/operator) by extension 'cmake'
[0.534s] Level 1:colcon.colcon_core.package_identification:_identify(docker/operator) by extension 'python'
[0.534s] Level 1:colcon.colcon_core.package_identification:_identify(docker/operator) by extensions ['python_setup_py']
[0.534s] Level 1:colcon.colcon_core.package_identification:_identify(docker/operator) by extension 'python_setup_py'
[0.535s] Level 1:colcon.colcon_core.package_identification:_identify(docs) by extensions ['ignore', 'ignore_ament_install']
[0.535s] Level 1:colcon.colcon_core.package_identification:_identify(docs) by extension 'ignore'
[0.535s] Level 1:colcon.colcon_core.package_identification:_identify(docs) by extension 'ignore_ament_install'
[0.535s] Level 1:colcon.colcon_core.package_identification:_identify(docs) by extensions ['colcon_pkg']
[0.535s] Level 1:colcon.colcon_core.package_identification:_identify(docs) by extension 'colcon_pkg'
[0.535s] Level 1:colcon.colcon_core.package_identification:_identify(docs) by extensions ['colcon_meta']
[0.535s] Level 1:colcon.colcon_core.package_identification:_identify(docs) by extension 'colcon_meta'
[0.535s] Level 1:colcon.colcon_core.package_identification:_identify(docs) by extensions ['ros']
[0.535s] Level 1:colcon.colcon_core.package_identification:_identify(docs) by extension 'ros'
[0.535s] Level 1:colcon.colcon_core.package_identification:_identify(docs) by extensions ['cmake', 'python']
[0.536s] Level 1:colcon.colcon_core.package_identification:_identify(docs) by extension 'cmake'
[0.536s] Level 1:colcon.colcon_core.package_identification:_identify(docs) by extension 'python'
[0.536s] Level 1:colcon.colcon_core.package_identification:_identify(docs) by extensions ['python_setup_py']
[0.536s] Level 1:colcon.colcon_core.package_identification:_identify(docs) by extension 'python_setup_py'
[0.536s] Level 1:colcon.colcon_core.package_identification:_identify(fastdds) by extensions ['ignore', 'ignore_ament_install']
[0.536s] Level 1:colcon.colcon_core.package_identification:_identify(fastdds) by extension 'ignore'
[0.536s] Level 1:colcon.colcon_core.package_identification:_identify(fastdds) by extension 'ignore_ament_install'
[0.536s] Level 1:colcon.colcon_core.package_identification:_identify(fastdds) by extensions ['colcon_pkg']
[0.536s] Level 1:colcon.colcon_core.package_identification:_identify(fastdds) by extension 'colcon_pkg'
[0.537s] Level 1:colcon.colcon_core.package_identification:_identify(fastdds) by extensions ['colcon_meta']
[0.537s] Level 1:colcon.colcon_core.package_identification:_identify(fastdds) by extension 'colcon_meta'
[0.537s] Level 1:colcon.colcon_core.package_identification:_identify(fastdds) by extensions ['ros']
[0.537s] Level 1:colcon.colcon_core.package_identification:_identify(fastdds) by extension 'ros'
[0.537s] Level 1:colcon.colcon_core.package_identification:_identify(fastdds) by extensions ['cmake', 'python']
[0.537s] Level 1:colcon.colcon_core.package_identification:_identify(fastdds) by extension 'cmake'
[0.537s] Level 1:colcon.colcon_core.package_identification:_identify(fastdds) by extension 'python'
[0.537s] Level 1:colcon.colcon_core.package_identification:_identify(fastdds) by extensions ['python_setup_py']
[0.537s] Level 1:colcon.colcon_core.package_identification:_identify(fastdds) by extension 'python_setup_py'
[0.537s] Level 1:colcon.colcon_core.package_identification:_identify(install) by extensions ['ignore', 'ignore_ament_install']
[0.538s] Level 1:colcon.colcon_core.package_identification:_identify(install) by extension 'ignore'
[0.538s] Level 1:colcon.colcon_core.package_identification:_identify(install) ignored
[0.538s] Level 1:colcon.colcon_core.package_identification:_identify(log) by extensions ['ignore', 'ignore_ament_install']
[0.538s] Level 1:colcon.colcon_core.package_identification:_identify(log) by extension 'ignore'
[0.538s] Level 1:colcon.colcon_core.package_identification:_identify(log) ignored
[0.538s] Level 1:colcon.colcon_core.package_identification:_identify(src) by extensions ['ignore', 'ignore_ament_install']
[0.539s] Level 1:colcon.colcon_core.package_identification:_identify(src) by extension 'ignore'
[0.539s] Level 1:colcon.colcon_core.package_identification:_identify(src) by extension 'ignore_ament_install'
[0.539s] Level 1:colcon.colcon_core.package_identification:_identify(src) by extensions ['colcon_pkg']
[0.539s] Level 1:colcon.colcon_core.package_identification:_identify(src) by extension 'colcon_pkg'
[0.539s] Level 1:colcon.colcon_core.package_identification:_identify(src) by extensions ['colcon_meta']
[0.539s] Level 1:colcon.colcon_core.package_identification:_identify(src) by extension 'colcon_meta'
[0.539s] Level 1:colcon.colcon_core.package_identification:_identify(src) by extensions ['ros']
[0.539s] Level 1:colcon.colcon_core.package_identification:_identify(src) by extension 'ros'
[0.539s] Level 1:colcon.colcon_core.package_identification:_identify(src) by extensions ['cmake', 'python']
[0.539s] Level 1:colcon.colcon_core.package_identification:_identify(src) by extension 'cmake'
[0.539s] Level 1:colcon.colcon_core.package_identification:_identify(src) by extension 'python'
[0.540s] Level 1:colcon.colcon_core.package_identification:_identify(src) by extensions ['python_setup_py']
[0.540s] Level 1:colcon.colcon_core.package_identification:_identify(src) by extension 'python_setup_py'
[0.540s] Level 1:colcon.colcon_core.package_identification:_identify(src/bandwidth_manager) by extensions ['ignore', 'ignore_ament_install']
[0.540s] Level 1:colcon.colcon_core.package_identification:_identify(src/bandwidth_manager) by extension 'ignore'
[0.540s] Level 1:colcon.colcon_core.package_identification:_identify(src/bandwidth_manager) by extension 'ignore_ament_install'
[0.540s] Level 1:colcon.colcon_core.package_identification:_identify(src/bandwidth_manager) by extensions ['colcon_pkg']
[0.540s] Level 1:colcon.colcon_core.package_identification:_identify(src/bandwidth_manager) by extension 'colcon_pkg'
[0.541s] Level 1:colcon.colcon_core.package_identification:_identify(src/bandwidth_manager) by extensions ['colcon_meta']
[0.541s] Level 1:colcon.colcon_core.package_identification:_identify(src/bandwidth_manager) by extension 'colcon_meta'
[0.541s] Level 1:colcon.colcon_core.package_identification:_identify(src/bandwidth_manager) by extensions ['ros']
[0.541s] Level 1:colcon.colcon_core.package_identification:_identify(src/bandwidth_manager) by extension 'ros'
[0.547s] DEBUG:colcon.colcon_core.package_identification:Package 'src/bandwidth_manager' with type 'ros.ament_python' and name 'bandwidth_manager'
[0.548s] Level 1:colcon.colcon_core.package_identification:_identify(src/health_monitor) by extensions ['ignore', 'ignore_ament_install']
[0.548s] Level 1:colcon.colcon_core.package_identification:_identify(src/health_monitor) by extension 'ignore'
[0.548s] Level 1:colcon.colcon_core.package_identification:_identify(src/health_monitor) by extension 'ignore_ament_install'
[0.548s] Level 1:colcon.colcon_core.package_identification:_identify(src/health_monitor) by extensions ['colcon_pkg']
[0.548s] Level 1:colcon.colcon_core.package_identification:_identify(src/health_monitor) by extension 'colcon_pkg'
[0.548s] Level 1:colcon.colcon_core.package_identification:_identify(src/health_monitor) by extensions ['colcon_meta']
[0.548s] Level 1:colcon.colcon_core.package_identification:_identify(src/health_monitor) by extension 'colcon_meta'
[0.549s] Level 1:colcon.colcon_core.package_identification:_identify(src/health_monitor) by extensions ['ros']
[0.549s] Level 1:colcon.colcon_core.package_identification:_identify(src/health_monitor) by extension 'ros'
[0.551s] DEBUG:colcon.colcon_core.package_identification:Package 'src/health_monitor' with type 'ros.ament_python' and name 'health_monitor'
[0.551s] Level 1:colcon.colcon_core.package_identification:_identify(src/stack_msgs) by extensions ['ignore', 'ignore_ament_install']
[0.551s] Level 1:colcon.colcon_core.package_identification:_identify(src/stack_msgs) by extension 'ignore'
[0.551s] Level 1:colcon.colcon_core.package_identification:_identify(src/stack_msgs) by extension 'ignore_ament_install'
[0.551s] Level 1:colcon.colcon_core.package_identification:_identify(src/stack_msgs) by extensions ['colcon_pkg']
[0.551s] Level 1:colcon.colcon_core.package_identification:_identify(src/stack_msgs) by extension 'colcon_pkg'
[0.551s] Level 1:colcon.colcon_core.package_identification:_identify(src/stack_msgs) by extensions ['colcon_meta']
[0.552s] Level 1:colcon.colcon_core.package_identification:_identify(src/stack_msgs) by extension 'colcon_meta'
[0.552s] Level 1:colcon.colcon_core.package_identification:_identify(src/stack_msgs) by extensions ['ros']
[0.552s] Level 1:colcon.colcon_core.package_identification:_identify(src/stack_msgs) by extension 'ros'
[0.553s] DEBUG:colcon.colcon_core.package_identification:Package 'src/stack_msgs' with type 'ros.ament_cmake' and name 'stack_msgs'
[0.553s] Level 1:colcon.colcon_core.package_discovery:discover_packages(recursive) using defaults
[0.553s] Level 1:colcon.colcon_core.package_discovery:discover_packages(ignore) discover
[0.553s] Level 1:colcon.colcon_core.package_discovery:discover_packages(ignore) using defaults
[0.553s] Level 1:colcon.colcon_core.package_discovery:discover_packages(path) discover
[0.553s] Level 1:colcon.colcon_core.package_discovery:discover_packages(path) using defaults
[1.287s] DEBUG:colcon.colcon_core.event_handler.log_command:Invoked command in '/ws/build/stack_msgs' returned '1': CMAKE_PREFIX_PATH=/opt/ros/humble /usr/bin/cmake /ws/src/stack_msgs -DCMAKE_BUILD_TYPE=Release -DCMAKE_INSTALL_PREFIX=/ws/install/stack_msgs
[0.600s] INFO:colcon.colcon_core.package_selection:Skipping not selected package 'bandwidth_manager' in 'src/bandwidth_manager'
[0.601s] Level 5:colcon.colcon_core.verb:set package 'stack_msgs' build argument 'cmake_args' from command line to '['-DCMAKE_BUILD_TYPE=Release']'
[0.601s] Level 5:colcon.colcon_core.verb:set package 'stack_msgs' build argument 'cmake_target' from command line to 'None'
[0.601s] Level 5:colcon.colcon_core.verb:set package 'stack_msgs' build argument 'cmake_target_skip_unavailable' from command line to 'False'
[0.602s] Level 5:colcon.colcon_core.verb:set package 'stack_msgs' build argument 'cmake_clean_cache' from command line to 'False'
[0.602s] Level 5:colcon.colcon_core.verb:set package 'stack_msgs' build argument 'cmake_clean_first' from command line to 'False'
[0.602s] Level 5:colcon.colcon_core.verb:set package 'stack_msgs' build argument 'cmake_force_configure' from command line to 'False'
[0.602s] Level 5:colcon.colcon_core.verb:set package 'stack_msgs' build argument 'ament_cmake_args' from command line to 'None'
[0.602s] Level 5:colcon.colcon_core.verb:set package 'stack_msgs' build argument 'catkin_cmake_args' from command line to 'None'
[0.602s] Level 5:colcon.colcon_core.verb:set package 'stack_msgs' build argument 'catkin_skip_building_tests' from command line to 'False'
[0.602s] DEBUG:colcon.colcon_core.verb:Building package 'stack_msgs' with the following arguments: {'ament_cmake_args': None, 'build_base': '/ws/build/stack_msgs', 'catkin_cmake_args': None, 'catkin_skip_building_tests': False, 'cmake_args': ['-DCMAKE_BUILD_TYPE=Release'], 'cmake_clean_cache': False, 'cmake_clean_first': False, 'cmake_force_configure': False, 'cmake_target': None, 'cmake_target_skip_unavailable': False, 'install_base': '/ws/install/stack_msgs', 'merge_install': False, 'path': '/ws/src/stack_msgs', 'symlink_install': False, 'test_result_base': None}
[0.603s] Level 5:colcon.colcon_core.verb:set package 'health_monitor' build argument 'cmake_args' from command line to '['-DCMAKE_BUILD_TYPE=Release']'
[0.603s] Level 5:colcon.colcon_core.verb:set package 'health_monitor' build argument 'cmake_target' from command line to 'None'
[0.603s] Level 5:colcon.colcon_core.verb:set package 'health_monitor' build argument 'cmake_target_skip_unavailable' from command line to 'False'
[0.603s] Level 5:colcon.colcon_core.verb:set package 'health_monitor' build argument 'cmake_clean_cache' from command line to 'False'
[0.603s] Level 5:colcon.colcon_core.verb:set package 'health_monitor' build argument 'cmake_clean_first' from command line to 'False'
[0.603s] Level 5:colcon.colcon_core.verb:set package 'health_monitor' build argument 'cmake_force_configure' from command line to 'False'
[0.603s] Level 5:colcon.colcon_core.verb:set package 'health_monitor' build argument 'ament_cmake_args' from command line to 'None'
[0.603s] Level 5:colcon.colcon_core.verb:set package 'health_monitor' build argument 'catkin_cmake_args' from command line to 'None'
[0.603s] Level 5:colcon.colcon_core.verb:set package 'health_monitor' build argument 'catkin_skip_building_tests' from command line to 'False'
[0.603s] DEBUG:colcon.colcon_core.verb:Building package 'health_monitor' with the following arguments: {'ament_cmake_args': None, 'build_base': '/ws/build/health_monitor', 'catkin_cmake_args': None, 'catkin_skip_building_tests': False, 'cmake_args': ['-DCMAKE_BUILD_TYPE=Release'], 'cmake_clean_cache': False, 'cmake_clean_first': False, 'cmake_force_configure': False, 'cmake_target': None, 'cmake_target_skip_unavailable': False, 'install_base': '/ws/install/health_monitor', 'merge_install': False, 'path': '/ws/src/health_monitor', 'symlink_install': False, 'test_result_base': None}
[0.603s] INFO:colcon.colcon_core.executor:Executing jobs using 'parallel' executor
[0.608s] DEBUG:colcon.colcon_parallel_executor.executor.parallel:run_until_complete
[0.609s] INFO:colcon.colcon_ros.task.ament_cmake.build:Building ROS package in '/ws/src/stack_msgs' with build type 'ament_cmake'
[0.609s] INFO:colcon.colcon_cmake.task.cmake.build:Building CMake package in '/ws/src/stack_msgs'
[1.307s] Level 1:colcon.colcon_core.environment:create_environment_scripts_only(stack_msgs)
[0.614s] INFO:colcon.colcon_core.plugin_system:Skipping extension 'colcon_core.shell.bat': Not used on non-Windows systems
[0.615s] INFO:colcon.colcon_core.shell:Skip shell extension 'powershell' for command environment: Not usable outside of PowerShell
[0.615s] DEBUG:colcon.colcon_core.shell:Skip shell extension 'dsv' for command environment
[1.313s] Level 1:colcon.colcon_core.environment:checking '/ws/install/stack_msgs' for CMake module files
[1.314s] Level 1:colcon.colcon_core.environment:checking '/ws/install/stack_msgs' for CMake config files
[1.314s] Level 1:colcon.colcon_core.environment:checking '/ws/install/stack_msgs/bin'
[1.315s] Level 1:colcon.colcon_core.environment:checking '/ws/install/stack_msgs/lib/pkgconfig/stack_msgs.pc'
[1.316s] Level 1:colcon.colcon_core.environment:checking '/ws/install/stack_msgs/lib/python3.10/site-packages'
[1.317s] Level 1:colcon.colcon_core.environment:checking '/ws/install/stack_msgs/bin'
[1.318s] INFO:colcon.colcon_core.shell:Creating package script '/ws/install/stack_msgs/share/stack_msgs/package.ps1'
[1.320s] INFO:colcon.colcon_core.shell:Creating package descriptor '/ws/install/stack_msgs/share/stack_msgs/package.dsv'
[1.321s] INFO:colcon.colcon_core.shell:Creating package script '/ws/install/stack_msgs/share/stack_msgs/package.sh'
[1.322s] INFO:colcon.colcon_core.shell:Creating package script '/ws/install/stack_msgs/share/stack_msgs/package.bash'
[1.324s] INFO:colcon.colcon_core.shell:Creating package script '/ws/install/stack_msgs/share/stack_msgs/package.zsh'
[1.325s] Level 1:colcon.colcon_core.environment:create_file_with_runtime_dependencies(/ws/install/stack_msgs/share/colcon-core/packages/stack_msgs)
[0.630s] DEBUG:colcon.colcon_core.event_handler.log_command:Invoking command in '/ws/build/stack_msgs': CMAKE_PREFIX_PATH=/opt/ros/humble /usr/bin/cmake /ws/src/stack_msgs -DCMAKE_BUILD_TYPE=Release -DCMAKE_INSTALL_PREFIX=/ws/install/stack_msgs
[1.327s] DEBUG:colcon.colcon_parallel_executor.executor.parallel:closing loop
[1.327s] DEBUG:colcon.colcon_parallel_executor.executor.parallel:loop closed
[1.328s] DEBUG:colcon.colcon_parallel_executor.executor.parallel:run_until_complete finished with '1'
[1.328s] DEBUG:colcon.colcon_core.event_reactor:joining thread
[1.341s] INFO:colcon.colcon_core.plugin_system:Skipping extension 'colcon_notification.desktop_notification.notify_send': Could not find 'notify-send'
[1.341s] INFO:colcon.colcon_core.plugin_system:Skipping extension 'colcon_notification.desktop_notification.terminal_notifier': Not used on non-Darwin systems
[1.342s] INFO:colcon.colcon_core.plugin_system:Skipping extension 'colcon_notification.desktop_notification.win32': Not used on non-Windows systems
[1.342s] INFO:colcon.colcon_notification.desktop_notification:Sending desktop notification using 'notify2'
[1.342s] DEBUG:colcon.colcon_notification.desktop_notification.notify2:Failed to initialize notify2: org.freedesktop.DBus.Error.NotSupported: Unable to autolaunch a dbus-daemon without a $DISPLAY for X11
[1.342s] DEBUG:colcon.colcon_core.event_reactor:joined thread
[1.343s] INFO:colcon.colcon_core.shell:Creating prefix script '/ws/install/local_setup.ps1'
[1.345s] INFO:colcon.colcon_core.shell:Creating prefix util module '/ws/install/_local_setup_util_ps1.py'
[1.349s] INFO:colcon.colcon_core.shell:Creating prefix chain script '/ws/install/setup.ps1'
[1.351s] INFO:colcon.colcon_core.shell:Creating prefix script '/ws/install/local_setup.sh'
[1.352s] INFO:colcon.colcon_core.shell:Creating prefix util module '/ws/install/_local_setup_util_sh.py'
[1.353s] INFO:colcon.colcon_core.shell:Creating prefix chain script '/ws/install/setup.sh'
[1.355s] INFO:colcon.colcon_core.shell:Creating prefix script '/ws/install/local_setup.bash'
[1.356s] INFO:colcon.colcon_core.shell:Creating prefix chain script '/ws/install/setup.bash'
[1.358s] INFO:colcon.colcon_core.shell:Creating prefix script '/ws/install/local_setup.zsh'
[1.359s] INFO:colcon.colcon_core.shell:Creating prefix chain script '/ws/install/setup.zsh'
[3.454s] DEBUG:colcon.colcon_core.event_handler.log_command:Invoked command in '/ws/build/stack_msgs' returned '1': CMAKE_PREFIX_PATH=/opt/ros/humble /usr/bin/cmake /ws/src/stack_msgs -DCMAKE_BUILD_TYPE=Release -DCMAKE_INSTALL_PREFIX=/ws/install/stack_msgs
[3.480s] Level 1:colcon.colcon_core.environment:create_environment_scripts_only(stack_msgs)
[3.487s] Level 1:colcon.colcon_core.environment:checking '/ws/install/stack_msgs' for CMake module files
[3.488s] Level 1:colcon.colcon_core.environment:checking '/ws/install/stack_msgs' for CMake config files
[3.489s] Level 1:colcon.colcon_core.environment:checking '/ws/install/stack_msgs/bin'
[3.489s] Level 1:colcon.colcon_core.environment:checking '/ws/install/stack_msgs/lib/pkgconfig/stack_msgs.pc'
[3.491s] Level 1:colcon.colcon_core.environment:checking '/ws/install/stack_msgs/lib/python3.10/site-packages'
[3.492s] Level 1:colcon.colcon_core.environment:checking '/ws/install/stack_msgs/bin'
[3.493s] INFO:colcon.colcon_core.shell:Creating package script '/ws/install/stack_msgs/share/stack_msgs/package.ps1'
[3.495s] INFO:colcon.colcon_core.shell:Creating package descriptor '/ws/install/stack_msgs/share/stack_msgs/package.dsv'
[3.496s] INFO:colcon.colcon_core.shell:Creating package script '/ws/install/stack_msgs/share/stack_msgs/package.sh'
[3.497s] INFO:colcon.colcon_core.shell:Creating package script '/ws/install/stack_msgs/share/stack_msgs/package.bash'
[3.499s] INFO:colcon.colcon_core.shell:Creating package script '/ws/install/stack_msgs/share/stack_msgs/package.zsh'
[3.501s] Level 1:colcon.colcon_core.environment:create_file_with_runtime_dependencies(/ws/install/stack_msgs/share/colcon-core/packages/stack_msgs)
[3.512s] DEBUG:colcon.colcon_parallel_executor.executor.parallel:closing loop
[3.512s] DEBUG:colcon.colcon_parallel_executor.executor.parallel:loop closed
[3.513s] DEBUG:colcon.colcon_parallel_executor.executor.parallel:run_until_complete finished with '1'
[3.513s] DEBUG:colcon.colcon_core.event_reactor:joining thread
[3.534s] INFO:colcon.colcon_core.plugin_system:Skipping extension 'colcon_notification.desktop_notification.notify_send': Could not find 'notify-send'
[3.534s] INFO:colcon.colcon_core.plugin_system:Skipping extension 'colcon_notification.desktop_notification.terminal_notifier': Not used on non-Darwin systems
[3.535s] INFO:colcon.colcon_core.plugin_system:Skipping extension 'colcon_notification.desktop_notification.win32': Not used on non-Windows systems
[3.535s] INFO:colcon.colcon_notification.desktop_notification:Sending desktop notification using 'notify2'
[3.535s] DEBUG:colcon.colcon_notification.desktop_notification.notify2:Failed to initialize notify2: org.freedesktop.DBus.Error.NotSupported: Unable to autolaunch a dbus-daemon without a $DISPLAY for X11
[3.535s] DEBUG:colcon.colcon_core.event_reactor:joined thread
[3.536s] INFO:colcon.colcon_core.shell:Creating prefix script '/ws/install/local_setup.ps1'
[3.540s] INFO:colcon.colcon_core.shell:Creating prefix util module '/ws/install/_local_setup_util_ps1.py'
[3.546s] INFO:colcon.colcon_core.shell:Creating prefix chain script '/ws/install/setup.ps1'
[3.549s] INFO:colcon.colcon_core.shell:Creating prefix script '/ws/install/local_setup.sh'
[3.552s] INFO:colcon.colcon_core.shell:Creating prefix util module '/ws/install/_local_setup_util_sh.py'
[3.554s] INFO:colcon.colcon_core.shell:Creating prefix chain script '/ws/install/setup.sh'
[3.557s] INFO:colcon.colcon_core.shell:Creating prefix script '/ws/install/local_setup.bash'
[3.559s] INFO:colcon.colcon_core.shell:Creating prefix chain script '/ws/install/setup.bash'
[3.562s] INFO:colcon.colcon_core.shell:Creating prefix script '/ws/install/local_setup.zsh'
[3.564s] INFO:colcon.colcon_core.shell:Creating prefix chain script '/ws/install/setup.zsh'
[4.144s] DEBUG:colcon.colcon_core.event_handler.log_command:Invoked command in '/ws/build/stack_msgs' returned '0': CMAKE_PREFIX_PATH=/opt/ros/humble /usr/bin/cmake /ws/src/stack_msgs -DCMAKE_BUILD_TYPE=Release -DCMAKE_INSTALL_PREFIX=/ws/install/stack_msgs
[4.149s] DEBUG:colcon.colcon_core.event_handler.log_command:Invoking command in '/ws/build/stack_msgs': CMAKE_PREFIX_PATH=/opt/ros/humble /usr/bin/cmake --build /ws/build/stack_msgs -- -j6 -l6
[16.079s] DEBUG:colcon.colcon_core.event_handler.log_command:Invoked command in '/ws/build/stack_msgs' returned '0': CMAKE_PREFIX_PATH=/opt/ros/humble /usr/bin/cmake --build /ws/build/stack_msgs -- -j6 -l6
[16.100s] DEBUG:colcon.colcon_core.event_handler.log_command:Invoking command in '/ws/build/stack_msgs': CMAKE_PREFIX_PATH=/opt/ros/humble /usr/bin/cmake --install /ws/build/stack_msgs
[16.209s] Level 1:colcon.colcon_core.environment:create_environment_scripts_only(stack_msgs)
[16.214s] DEBUG:colcon.colcon_core.event_handler.log_command:Invoked command in '/ws/build/stack_msgs' returned '0': CMAKE_PREFIX_PATH=/opt/ros/humble /usr/bin/cmake --install /ws/build/stack_msgs
[16.221s] Level 1:colcon.colcon_core.environment:checking '/ws/install/stack_msgs' for CMake module files
[16.224s] Level 1:colcon.colcon_core.environment:checking '/ws/install/stack_msgs' for CMake config files
[16.227s] Level 1:colcon.colcon_core.shell:create_environment_hook('stack_msgs', 'cmake_prefix_path')
[16.227s] INFO:colcon.colcon_core.shell:Creating environment hook '/ws/install/stack_msgs/share/stack_msgs/hook/cmake_prefix_path.ps1'
[16.230s] INFO:colcon.colcon_core.shell:Creating environment descriptor '/ws/install/stack_msgs/share/stack_msgs/hook/cmake_prefix_path.dsv'
[16.231s] INFO:colcon.colcon_core.shell:Creating environment hook '/ws/install/stack_msgs/share/stack_msgs/hook/cmake_prefix_path.sh'
[16.234s] Level 1:colcon.colcon_core.environment:checking '/ws/install/stack_msgs/lib'
[16.235s] Level 1:colcon.colcon_core.shell:create_environment_hook('stack_msgs', 'ld_library_path_lib')
[16.235s] INFO:colcon.colcon_core.shell:Creating environment hook '/ws/install/stack_msgs/share/stack_msgs/hook/ld_library_path_lib.ps1'
[16.236s] INFO:colcon.colcon_core.shell:Creating environment descriptor '/ws/install/stack_msgs/share/stack_msgs/hook/ld_library_path_lib.dsv'
[16.237s] INFO:colcon.colcon_core.shell:Creating environment hook '/ws/install/stack_msgs/share/stack_msgs/hook/ld_library_path_lib.sh'
[16.238s] Level 1:colcon.colcon_core.environment:checking '/ws/install/stack_msgs/bin'
[16.238s] Level 1:colcon.colcon_core.environment:checking '/ws/install/stack_msgs/lib/pkgconfig/stack_msgs.pc'
[16.241s] Level 1:colcon.colcon_core.environment:checking '/ws/install/stack_msgs/lib/python3.10/site-packages'
[16.241s] Level 1:colcon.colcon_core.environment:checking '/ws/install/stack_msgs/bin'
[16.242s] INFO:colcon.colcon_core.shell:Creating package script '/ws/install/stack_msgs/share/stack_msgs/package.ps1'
[16.244s] INFO:colcon.colcon_core.shell:Creating package descriptor '/ws/install/stack_msgs/share/stack_msgs/package.dsv'
[16.247s] INFO:colcon.colcon_core.shell:Creating package script '/ws/install/stack_msgs/share/stack_msgs/package.sh'
[16.249s] INFO:colcon.colcon_core.shell:Creating package script '/ws/install/stack_msgs/share/stack_msgs/package.bash'
[16.251s] INFO:colcon.colcon_core.shell:Creating package script '/ws/install/stack_msgs/share/stack_msgs/package.zsh'
[16.253s] Level 1:colcon.colcon_core.environment:create_file_with_runtime_dependencies(/ws/install/stack_msgs/share/colcon-core/packages/stack_msgs)
[16.254s] Level 1:colcon.colcon_core.environment:create_environment_scripts_only(stack_msgs)
[16.255s] Level 1:colcon.colcon_core.environment:checking '/ws/install/stack_msgs' for CMake module files
[16.256s] Level 1:colcon.colcon_core.environment:checking '/ws/install/stack_msgs' for CMake config files
[16.258s] Level 1:colcon.colcon_core.shell:create_environment_hook('stack_msgs', 'cmake_prefix_path')
[16.258s] INFO:colcon.colcon_core.shell:Creating environment hook '/ws/install/stack_msgs/share/stack_msgs/hook/cmake_prefix_path.ps1'
[16.259s] INFO:colcon.colcon_core.shell:Creating environment descriptor '/ws/install/stack_msgs/share/stack_msgs/hook/cmake_prefix_path.dsv'
[16.260s] INFO:colcon.colcon_core.shell:Creating environment hook '/ws/install/stack_msgs/share/stack_msgs/hook/cmake_prefix_path.sh'
[16.262s] Level 1:colcon.colcon_core.environment:checking '/ws/install/stack_msgs/lib'
[16.262s] Level 1:colcon.colcon_core.shell:create_environment_hook('stack_msgs', 'ld_library_path_lib')
[16.262s] INFO:colcon.colcon_core.shell:Creating environment hook '/ws/install/stack_msgs/share/stack_msgs/hook/ld_library_path_lib.ps1'
[16.263s] INFO:colcon.colcon_core.shell:Creating environment descriptor '/ws/install/stack_msgs/share/stack_msgs/hook/ld_library_path_lib.dsv'
[16.264s] INFO:colcon.colcon_core.shell:Creating environment hook '/ws/install/stack_msgs/share/stack_msgs/hook/ld_library_path_lib.sh'
[16.265s] Level 1:colcon.colcon_core.environment:checking '/ws/install/stack_msgs/bin'
[16.265s] Level 1:colcon.colcon_core.environment:checking '/ws/install/stack_msgs/lib/pkgconfig/stack_msgs.pc'
[16.266s] Level 1:colcon.colcon_core.environment:checking '/ws/install/stack_msgs/lib/python3.10/site-packages'
[16.267s] Level 1:colcon.colcon_core.environment:checking '/ws/install/stack_msgs/bin'
[16.267s] INFO:colcon.colcon_core.shell:Creating package script '/ws/install/stack_msgs/share/stack_msgs/package.ps1'
[16.269s] INFO:colcon.colcon_core.shell:Creating package descriptor '/ws/install/stack_msgs/share/stack_msgs/package.dsv'
[16.270s] INFO:colcon.colcon_core.shell:Creating package script '/ws/install/stack_msgs/share/stack_msgs/package.sh'
[16.271s] INFO:colcon.colcon_core.shell:Creating package script '/ws/install/stack_msgs/share/stack_msgs/package.bash'
[16.272s] INFO:colcon.colcon_core.shell:Creating package script '/ws/install/stack_msgs/share/stack_msgs/package.zsh'
[16.273s] Level 1:colcon.colcon_core.environment:create_file_with_runtime_dependencies(/ws/install/stack_msgs/share/colcon-core/packages/stack_msgs)
[16.274s] INFO:colcon.colcon_ros.task.ament_python.build:Building ROS package in '/ws/src/bandwidth_manager' with build type 'ament_python'
[16.274s] Level 1:colcon.colcon_core.shell:create_environment_hook('bandwidth_manager', 'ament_prefix_path')
[16.275s] INFO:colcon.colcon_core.shell:Creating environment hook '/ws/install/bandwidth_manager/share/bandwidth_manager/hook/ament_prefix_path.ps1'
[16.277s] INFO:colcon.colcon_core.shell:Creating environment descriptor '/ws/install/bandwidth_manager/share/bandwidth_manager/hook/ament_prefix_path.dsv'
[16.278s] INFO:colcon.colcon_core.shell:Creating environment hook '/ws/install/bandwidth_manager/share/bandwidth_manager/hook/ament_prefix_path.sh'
[16.279s] INFO:colcon.colcon_core.shell:Skip shell extension 'powershell' for command environment: Not usable outside of PowerShell
[16.279s] DEBUG:colcon.colcon_core.shell:Skip shell extension 'dsv' for command environment
[16.285s] INFO:colcon.colcon_ros.task.ament_python.build:Building ROS package in '/ws/src/health_monitor' with build type 'ament_python'
[16.286s] Level 1:colcon.colcon_core.shell:create_environment_hook('health_monitor', 'ament_prefix_path')
[16.286s] INFO:colcon.colcon_core.shell:Creating environment hook '/ws/install/health_monitor/share/health_monitor/hook/ament_prefix_path.ps1'
[16.288s] INFO:colcon.colcon_core.shell:Creating environment descriptor '/ws/install/health_monitor/share/health_monitor/hook/ament_prefix_path.dsv'
[16.289s] INFO:colcon.colcon_core.shell:Creating environment hook '/ws/install/health_monitor/share/health_monitor/hook/ament_prefix_path.sh'
[16.290s] INFO:colcon.colcon_core.shell:Skip shell extension 'powershell' for command environment: Not usable outside of PowerShell
[16.290s] DEBUG:colcon.colcon_core.shell:Skip shell extension 'dsv' for command environment
[16.717s] INFO:colcon.colcon_core.task.python.build:Building Python package in '/ws/src/bandwidth_manager'
[16.717s] INFO:colcon.colcon_core.shell:Skip shell extension 'powershell' for command environment: Not usable outside of PowerShell
[16.718s] DEBUG:colcon.colcon_core.shell:Skip shell extension 'dsv' for command environment
[17.153s] INFO:colcon.colcon_core.task.python.build:Building Python package in '/ws/src/health_monitor'
[17.154s] INFO:colcon.colcon_core.shell:Skip shell extension 'powershell' for command environment: Not usable outside of PowerShell
[17.154s] DEBUG:colcon.colcon_core.shell:Skip shell extension 'dsv' for command environment
[17.785s] DEBUG:colcon.colcon_core.event_handler.log_command:Invoking command in '/ws/src/health_monitor': AMENT_PREFIX_PATH=/ws/install/stack_msgs:${AMENT_PREFIX_PATH} CMAKE_PREFIX_PATH=/ws/install/stack_msgs LD_LIBRARY_PATH=/ws/install/stack_msgs/lib:/opt/ros/humble/lib/aarch64-linux-gnu:/opt/ros/humble/lib:/usr/local/cuda/lib64 PYTHONPATH=/ws/build/health_monitor/prefix_override:/usr/lib/python3/dist-packages/colcon_core/task/python/colcon_distutils_commands:/ws/install/health_monitor/lib/python3.10/site-packages:/ws/install/stack_msgs/local/lib/python3.10/dist-packages:${PYTHONPATH} /usr/bin/python3 -W ignore:setup.py install is deprecated -W ignore:easy_install command is deprecated setup.py egg_info --egg-base ../../build/health_monitor build --build-base /ws/build/health_monitor/build install --record /ws/build/health_monitor/install.log --single-version-externally-managed install_data
[17.790s] DEBUG:colcon.colcon_core.event_handler.log_command:Invoking command in '/ws/src/bandwidth_manager': AMENT_PREFIX_PATH=/ws/install/stack_msgs:${AMENT_PREFIX_PATH} CMAKE_PREFIX_PATH=/ws/install/stack_msgs LD_LIBRARY_PATH=/ws/install/stack_msgs/lib:/opt/ros/humble/lib/aarch64-linux-gnu:/opt/ros/humble/lib:/usr/local/cuda/lib64 PYTHONPATH=/ws/build/bandwidth_manager/prefix_override:/usr/lib/python3/dist-packages/colcon_core/task/python/colcon_distutils_commands:/ws/install/bandwidth_manager/lib/python3.10/site-packages:/ws/install/stack_msgs/local/lib/python3.10/dist-packages:${PYTHONPATH} /usr/bin/python3 -W ignore:setup.py install is deprecated -W ignore:easy_install command is deprecated setup.py egg_info --egg-base ../../build/bandwidth_manager build --build-base /ws/build/bandwidth_manager/build install --record /ws/build/bandwidth_manager/install.log --single-version-externally-managed install_data
[18.336s] Level 1:colcon.colcon_core.environment:checking '/ws/install/bandwidth_manager' for CMake module files
[18.337s] DEBUG:colcon.colcon_core.event_handler.log_command:Invoked command in '/ws/src/bandwidth_manager' returned '0': AMENT_PREFIX_PATH=/ws/install/stack_msgs:${AMENT_PREFIX_PATH} CMAKE_PREFIX_PATH=/ws/install/stack_msgs LD_LIBRARY_PATH=/ws/install/stack_msgs/lib:/opt/ros/humble/lib/aarch64-linux-gnu:/opt/ros/humble/lib:/usr/local/cuda/lib64 PYTHONPATH=/ws/build/bandwidth_manager/prefix_override:/usr/lib/python3/dist-packages/colcon_core/task/python/colcon_distutils_commands:/ws/install/bandwidth_manager/lib/python3.10/site-packages:/ws/install/stack_msgs/local/lib/python3.10/dist-packages:${PYTHONPATH} /usr/bin/python3 -W ignore:setup.py install is deprecated -W ignore:easy_install command is deprecated setup.py egg_info --egg-base ../../build/bandwidth_manager build --build-base /ws/build/bandwidth_manager/build install --record /ws/build/bandwidth_manager/install.log --single-version-externally-managed install_data
[18.338s] Level 1:colcon.colcon_core.environment:checking '/ws/install/bandwidth_manager' for CMake config files
[18.340s] Level 1:colcon.colcon_core.environment:checking '/ws/install/bandwidth_manager/lib'
[18.340s] Level 1:colcon.colcon_core.environment:checking '/ws/install/bandwidth_manager/bin'
[18.340s] Level 1:colcon.colcon_core.environment:checking '/ws/install/bandwidth_manager/lib/pkgconfig/bandwidth_manager.pc'
[18.341s] Level 1:colcon.colcon_core.environment:checking '/ws/install/bandwidth_manager/lib/python3.10/site-packages'
[18.341s] Level 1:colcon.colcon_core.shell:create_environment_hook('bandwidth_manager', 'pythonpath')
[18.342s] INFO:colcon.colcon_core.shell:Creating environment hook '/ws/install/bandwidth_manager/share/bandwidth_manager/hook/pythonpath.ps1'
[18.343s] INFO:colcon.colcon_core.shell:Creating environment descriptor '/ws/install/bandwidth_manager/share/bandwidth_manager/hook/pythonpath.dsv'
[18.344s] INFO:colcon.colcon_core.shell:Creating environment hook '/ws/install/bandwidth_manager/share/bandwidth_manager/hook/pythonpath.sh'
[18.346s] Level 1:colcon.colcon_core.environment:checking '/ws/install/bandwidth_manager/bin'
[18.346s] Level 1:colcon.colcon_core.environment:create_environment_scripts_only(bandwidth_manager)
[18.347s] INFO:colcon.colcon_core.shell:Creating package script '/ws/install/bandwidth_manager/share/bandwidth_manager/package.ps1'
[18.349s] INFO:colcon.colcon_core.shell:Creating package descriptor '/ws/install/bandwidth_manager/share/bandwidth_manager/package.dsv'
[18.350s] INFO:colcon.colcon_core.shell:Creating package script '/ws/install/bandwidth_manager/share/bandwidth_manager/package.sh'
[18.351s] INFO:colcon.colcon_core.shell:Creating package script '/ws/install/bandwidth_manager/share/bandwidth_manager/package.bash'
[18.352s] INFO:colcon.colcon_core.shell:Creating package script '/ws/install/bandwidth_manager/share/bandwidth_manager/package.zsh'
[18.353s] Level 1:colcon.colcon_core.environment:create_file_with_runtime_dependencies(/ws/install/bandwidth_manager/share/colcon-core/packages/bandwidth_manager)
[18.356s] Level 1:colcon.colcon_core.environment:checking '/ws/install/health_monitor' for CMake module files
[18.357s] DEBUG:colcon.colcon_core.event_handler.log_command:Invoked command in '/ws/src/health_monitor' returned '0': AMENT_PREFIX_PATH=/ws/install/stack_msgs:${AMENT_PREFIX_PATH} CMAKE_PREFIX_PATH=/ws/install/stack_msgs LD_LIBRARY_PATH=/ws/install/stack_msgs/lib:/opt/ros/humble/lib/aarch64-linux-gnu:/opt/ros/humble/lib:/usr/local/cuda/lib64 PYTHONPATH=/ws/build/health_monitor/prefix_override:/usr/lib/python3/dist-packages/colcon_core/task/python/colcon_distutils_commands:/ws/install/health_monitor/lib/python3.10/site-packages:/ws/install/stack_msgs/local/lib/python3.10/dist-packages:${PYTHONPATH} /usr/bin/python3 -W ignore:setup.py install is deprecated -W ignore:easy_install command is deprecated setup.py egg_info --egg-base ../../build/health_monitor build --build-base /ws/build/health_monitor/build install --record /ws/build/health_monitor/install.log --single-version-externally-managed install_data
[18.358s] Level 1:colcon.colcon_core.environment:checking '/ws/install/health_monitor' for CMake config files
[18.359s] Level 1:colcon.colcon_core.environment:checking '/ws/install/health_monitor/lib'
[18.359s] Level 1:colcon.colcon_core.environment:checking '/ws/install/health_monitor/bin'
[18.359s] Level 1:colcon.colcon_core.environment:checking '/ws/install/health_monitor/lib/pkgconfig/health_monitor.pc'
[18.360s] Level 1:colcon.colcon_core.environment:checking '/ws/install/health_monitor/lib/python3.10/site-packages'
[18.360s] Level 1:colcon.colcon_core.shell:create_environment_hook('health_monitor', 'pythonpath')
[18.361s] INFO:colcon.colcon_core.shell:Creating environment hook '/ws/install/health_monitor/share/health_monitor/hook/pythonpath.ps1'
[18.362s] INFO:colcon.colcon_core.shell:Creating environment descriptor '/ws/install/health_monitor/share/health_monitor/hook/pythonpath.dsv'
[18.363s] INFO:colcon.colcon_core.shell:Creating environment hook '/ws/install/health_monitor/share/health_monitor/hook/pythonpath.sh'
[18.365s] Level 1:colcon.colcon_core.environment:checking '/ws/install/health_monitor/bin'
[18.366s] Level 1:colcon.colcon_core.environment:create_environment_scripts_only(health_monitor)
[18.367s] INFO:colcon.colcon_core.shell:Creating package script '/ws/install/health_monitor/share/health_monitor/package.ps1'
[18.369s] INFO:colcon.colcon_core.shell:Creating package descriptor '/ws/install/health_monitor/share/health_monitor/package.dsv'
[18.371s] INFO:colcon.colcon_core.shell:Creating package script '/ws/install/health_monitor/share/health_monitor/package.sh'
[18.372s] INFO:colcon.colcon_core.shell:Creating package script '/ws/install/health_monitor/share/health_monitor/package.bash'
[18.373s] INFO:colcon.colcon_core.shell:Creating package script '/ws/install/health_monitor/share/health_monitor/package.zsh'
[18.375s] Level 1:colcon.colcon_core.environment:create_file_with_runtime_dependencies(/ws/install/health_monitor/share/colcon-core/packages/health_monitor)
[18.375s] DEBUG:colcon.colcon_parallel_executor.executor.parallel:closing loop
[18.377s] DEBUG:colcon.colcon_parallel_executor.executor.parallel:loop closed
[18.377s] DEBUG:colcon.colcon_parallel_executor.executor.parallel:run_until_complete finished with '0'
[18.377s] DEBUG:colcon.colcon_core.event_reactor:joining thread
[18.391s] INFO:colcon.colcon_core.plugin_system:Skipping extension 'colcon_notification.desktop_notification.notify_send': Could not find 'notify-send'
[18.391s] INFO:colcon.colcon_core.plugin_system:Skipping extension 'colcon_notification.desktop_notification.terminal_notifier': Not used on non-Darwin systems
[18.392s] INFO:colcon.colcon_core.plugin_system:Skipping extension 'colcon_notification.desktop_notification.win32': Not used on non-Windows systems
[18.392s] INFO:colcon.colcon_notification.desktop_notification:Sending desktop notification using 'notify2'
[18.392s] DEBUG:colcon.colcon_notification.desktop_notification.notify2:Failed to initialize notify2: org.freedesktop.DBus.Error.NotSupported: Unable to autolaunch a dbus-daemon without a $DISPLAY for X11
[18.392s] DEBUG:colcon.colcon_core.event_reactor:joined thread
[18.393s] INFO:colcon.colcon_core.shell:Creating prefix script '/ws/install/local_setup.ps1'
[18.397s] INFO:colcon.colcon_core.shell:Creating prefix util module '/ws/install/_local_setup_util_ps1.py'
[18.402s] INFO:colcon.colcon_core.shell:Creating prefix chain script '/ws/install/setup.ps1'
[18.405s] INFO:colcon.colcon_core.shell:Creating prefix script '/ws/install/local_setup.sh'
[18.407s] INFO:colcon.colcon_core.shell:Creating prefix util module '/ws/install/_local_setup_util_sh.py'
[18.409s] INFO:colcon.colcon_core.shell:Creating prefix chain script '/ws/install/setup.sh'
[18.412s] INFO:colcon.colcon_core.shell:Creating prefix script '/ws/install/local_setup.bash'
[18.414s] INFO:colcon.colcon_core.shell:Creating prefix chain script '/ws/install/setup.bash'
[18.416s] INFO:colcon.colcon_core.shell:Creating prefix script '/ws/install/local_setup.zsh'
[18.418s] INFO:colcon.colcon_core.shell:Creating prefix chain script '/ws/install/setup.zsh'
